,PlayerKey,FrameNo,x,y,w,h,x2,y2,x1,y1,x_trans,y_trans
0,0.0,0.0,3140.3193,762.063,102.258545,92.77002,1063.8161908333332,269.48267,1029.7300091666666,238.55933,0.1397778471351358,1.3913029074210899
1,0.0,1.0,3139.9094,769.38696,111.569824,82.46466,1065.2314373333334,270.20643,1028.0414959999998,242.71821,0.19044516380524926,1.514283866733327
2,0.0,2.0,3138.7393,768.88293,99.40723,73.13544,1062.8143049999999,268.48355,1029.6785616666666,244.10506999999998,0.14297504340079262,1.5551364228473292
3,0.0,3.0,3132.3726,769.5189,97.138916,67.222595,1060.3140193333334,267.7100658333333,1027.9343806666666,245.30253416666667,0.19437710136060776,1.5899240990840504
4,0.0,4.0,3124.5708,770.4607,101.51587,68.95917,1058.4429116666665,268.3134283333333,1024.6042883333332,245.3270383333333,0.2918139406360882,1.590129583284374
5,0.0,5.0,3116.209,772.97003,112.06372,74.263916,1057.4136199999998,270.03399599999995,1020.0590466666665,245.27935733333334,0.42433690393635126,1.5863834474054408
6,0.0,6.0,3108.3667,775.7593,118.57715,71.39795,1055.8850916666665,270.48609166666665,1016.359375,246.686775,0.5328868369391593,1.6269777731046196
7,0.0,7.0,3107.8596,778.0082,111.49072,75.931274,1054.5349866666666,271.99127899999996,1017.3714133333333,246.68085433333331,0.5033099973619002,1.6269601228232402
8,0.0,8.0,3058.8901,790.1666,66.11206,59.28296,1030.64871,273.26936,1008.6113566666666,253.50837333333334,0.7849509621871645,1.8232826601165548
9,0.0,9.0,3083.923,782.29456,113.623535,72.08862,1046.9115891666665,272.77962333333335,1009.0370774999999,248.75008333333335,0.7714403166254059,1.6843209043070069
10,0.0,10.0,3081.8154,783.239,100.74829,68.226746,1044.0631816666667,272.450791,1010.4804183333332,249.70854233333333,0.7055998764250622,1.714443036530404
11,0.0,11.0,3078.5266,783.35254,91.42822,72.84027,1041.41357,273.2575583333333,1010.9374966666667,248.97746833333332,0.6920217113740281,1.693134411985324
12,0.0,12.0,3073.7646,787.03357,87.70239,72.35687,1039.205265,274.40400166666666,1009.9711349999999,250.285045,0.7206562158960538,1.7312230958821144
13,0.0,13.0,3067.2603,789.6471,89.60376,73.73511,1037.35406,275.504885,1007.48614,250.926515,0.7934600753962688,1.749597547028388
14,0.0,14.0,3067.3154,789.9735,88.04004,73.894226,1037.1118066666666,275.6402043333333,1007.7651266666667,251.00879566666663,0.7853334328328018,1.752046672443047
15,0.0,15.0,3062.3071,792.13025,92.16211,76.88855,1036.129385,276.85817499999996,1005.4086816666666,251.22865833333336,0.85425087957697,1.7581118377561713
16,0.0,16.0,3056.9434,795.8131,85.68701,78.6806,1033.2623016666666,278.38446666666664,1004.699965,252.1576,0.87523860179056,1.7851654653391797
17,0.0,19.0,3049.457,788.36865,59.34912,55.27588,1026.3771866666666,272.00219666666663,1006.5941466666666,253.57690333333335,0.8438461062502919,1.8249729515280675
18,0.0,20.0,3040.9946,794.97864,63.29956,64.6051,1024.2147933333333,275.7603966666667,1003.1149399999999,254.22536333333335,0.945542707705341,1.8433802160407877
19,0.0,21.0,3042.6619,805.9032,55.808594,86.83008,1023.5220656666667,283.10607999999996,1004.9192009999999,254.16271999999998,0.8928672823891873,1.8418292482801863
20,0.0,22.0,3013.0605,825.25275,84.24585,109.496704,1018.394475,293.33370066666663,990.3125249999999,256.8347993333333,1.3197585677567303,1.9176280513413873
21,0.0,23.0,3019.5676,821.13464,94.17236,114.457214,1022.2179266666665,292.78774899999996,990.82714,254.6353443333333,1.3045390695980355,1.8515848553362175
22,0.0,24.0,3020.8408,826.62476,95.69653,119.05243,1022.896355,295.3836583333333,990.9975116666666,255.69951500000002,1.299809448548532,1.8826739906184742
23,0.0,25.0,3022.4866,838.55774,82.26611,123.47882,1021.2065516666667,300.09905,993.784515,258.9394433333333,1.219201042549911,1.9776785092277533
24,0.0,26.0,3009.9436,800.9987,58.97119,77.55432,1013.143065,279.92528666666664,993.4860016666667,254.07384666666667,1.2268008527276741,1.835605984031683
25,0.0,28.0,3037.9614,861.60956,104.57739,114.91809,1030.083365,306.3562016666666,995.2242349999999,268.05017166666664,1.157143609164622,2.246137700988108
26,0.0,29.0,3029.2046,857.26965,70.704834,75.673096,1021.5190056666667,298.36873266666663,997.9507276666666,273.1443673333333,1.1005342825648026,2.395225737127087
27,0.0,32.0,3022.841,883.48486,65.84424,59.93866,1018.5877066666667,304.48473,996.6396266666666,284.50517666666667,1.123262363424578,2.730471717870778
28,0.0,33.0,3024.834,885.7326,72.170654,67.870605,1020.3064423333332,306.5559675,996.2495576666666,283.9324325,1.1551510265545435,2.7135625811762614
29,0.0,34.0,3011.794,888.4497,100.54663,85.278625,1020.6891049999999,310.36300416666666,987.1735616666666,281.93679583333335,1.4200646405549882,2.6540486551255906
30,0.0,35.0,3011.4314,904.7067,76.97461,69.11426,1016.6395683333333,313.0879433333333,990.9813649999999,290.04985666666664,1.2875223082719627,2.9120105263472227
31,0.0,36.0,2954.6453,914.7393,45.936035,42.27173,992.5377725,311.9583883333333,977.2257608333334,297.8678116666666,1.6900010943385886,3.1348390820341883
32,0.0,37.0,3012.6885,938.72864,70.725586,141.3534,1016.0170976666666,336.46844666666664,992.4419023333335,289.35064666666665,1.2435657085095966,2.88928692785796
33,0.0,38.0,3017.7947,951.6754,56.878906,77.45599,1015.4113843333332,330.134465,996.451749,304.31580166666663,1.1310964831097132,3.3257204871596295
34,0.0,39.0,3009.4102,963.9845,74.045166,121.39142,1015.4775943333332,341.56007,990.7958723333333,301.09626333333335,1.295125443223615,3.2310513396408345
35,0.0,40.0,3006.3586,967.89246,61.822754,95.03412,1012.4233256666666,338.46984,991.815741,306.79179999999997,1.2585665606952525,3.3942388135002695
36,0.0,41.0,3000.4707,983.56665,74.55444,78.260925,1012.5826399999999,340.89903749999996,987.7311599999999,314.81206249999997,1.39801360119709,3.6238940441723275
37,0.0,42.0,2950.4746,1022.60315,40.878174,44.746765,990.3045623333334,348.32551083333334,976.6785043333332,333.4099225,1.7223164503446544,4.16614821686443
38,0.0,43.0,2989.6387,999.9585,101.08447,108.09808,1013.3936449999999,351.33584666666667,979.6988216666666,315.3031533333333,1.6275958650115976,3.6404557970840874
39,0.0,44.0,2982.9082,1002.8738,106.71509,124.276184,1012.0885816666665,355.003964,976.516885,313.5785693333333,1.7016632792619537,3.5928218937945853
40,0.0,45.0,2980.9658,1011.5205,113.72754,126.27002,1012.6098566666666,358.21850333333333,974.7006766666666,316.12849666666665,1.7550752227186266,3.6667846132922053
41,0.0,46.0,2981.0122,1022.89777,115.244385,145.45618,1012.8781308333333,365.20862,974.4633358333333,316.7232266666667,1.762112445284781,3.684063479339315
42,0.0,47.0,2978.1965,1028.2279,125.28369,143.21777,1013.6127816666667,366.6122616666667,971.8515516666666,318.87300500000003,1.83858311705538,3.7462495765327732
43,0.0,48.0,2986.1382,1029.5356,124.33569,157.95941,1016.1020149999999,369.50510166666663,974.6567849999999,316.85196499999995,1.7608987463458023,3.6969242068555475
44,0.0,49.0,2984.6172,1032.5404,139.0393,163.70819,1018.0456166666668,371.46483166666667,971.6991833333333,316.895435,1.8471628875179402,3.6977003168639286
45,0.0,50.0,3008.523,1010.20764,105.23389,83.26312,1020.3799816666667,350.6130666666666,985.3020183333333,322.8586933333333,1.4517586008835688,3.8740157034577023
46,0.0,51.0,3010.1782,1013.0221,99.17822,85.18756,1019.9224366666665,351.87196,986.86303,323.4761066666666,1.4063660566635303,3.892297317085601
47,0.0,52.0,2990.2988,1029.189,117.88867,134.07257,1016.4143783333334,365.4084283333333,977.1181549999999,320.7175716666667,1.689228625503998,3.8131759639385963
48,0.0,53.0,2988.4067,1036.8514,114.61841,122.35785,1015.2386349999999,366.0101083333333,977.0324983333333,325.2241583333333,1.6926995755636811,3.9447299914471805
49,0.0,54.0,2987.333,1042.212,114.34375,106.23944,1014.8349583333334,365.11057333333326,976.720375,329.6974266666666,1.7027642926985325,4.075261429183852
50,0.0,55.0,2988.8823,1048.8966,109.954346,95.421936,1014.6198243333334,365.535856,977.9683756666666,333.728544,1.6672581859626112,4.193139959137723
51,0.0,56.0,2992.8894,1052.6056,103.348145,100.392334,1014.8544908333333,367.600589,980.4051091666666,334.1364776666667,1.596319073453436,4.205460549396719
52,0.0,57.0,2957.466,1069.1288,47.750977,69.36182,993.7804961666666,367.93656999999996,977.8635038333333,344.8159633333333,1.6727129883573588,4.516714243812313
53,0.0,58.0,3010.6963,1053.1083,86.622314,93.21112,1018.0024856666666,366.57128666666665,989.128381,335.50091333333336,1.3423293920026305,4.246769306877215
54,0.0,59.0,3011.5151,1059.4287,100.07544,90.89612,1020.5176066666666,368.2922533333333,987.1591266666667,337.99354666666665,1.3991615371428965,4.304580880335934
55,0.0,60.0,3038.5444,1053.5836,63.080566,88.387695,1023.3615609999999,365.9258158333333,1002.3347056666668,336.4632508333333,0.957192205835243,4.259453931698999
56,0.0,61.0,2977.3867,1058.9763,55.059814,77.44299,1001.638869,365.899265,983.2855976666666,340.084935,1.5132117705747032,4.3615958559643415
57,0.0,62.0,2977.921,1061.3203,60.818115,75.96179,1002.7766858333332,366.43373166666663,982.5039808333332,341.113135,1.5354492593584843,4.394575905365753
58,0.0,63.0,2988.8398,1062.809,74.47583,69.26367,1008.6925716666667,365.8136116666666,983.867295,342.7257216666667,1.4797993570988999,4.445062321437271
59,0.0,64.0,2996.816,1068.4453,58.57715,64.56299,1008.701525,366.90893166666666,989.1758083333332,345.387935,1.3258537874599874,4.523459119034616
60,0.0,65.0,3000.4194,1069.7605,52.793457,58.636353,1008.9387095,366.3595588333333,991.3408905000001,346.81410783333337,1.2793191515677547,4.561989165643538
61,0.0,66.0,3033.017,1064.3953,127.71118,74.86047,1032.2908633333332,367.2751783333333,989.7204699999999,342.32168833333327,1.3255170024720466,4.430976871082149
62,0.0,67.0,3065.8374,1067.1228,111.38745,66.65808,1040.5103749999998,366.81728000000004,1003.3812249999999,344.59792,0.9280704157485974,4.49955507458447
63,0.0,68.0,3010.1958,1062.4089,63.936035,58.860962,1014.0546058333332,363.94646033333333,992.7425941666667,344.32613966666656,1.2542724887758754,4.4864936522730945
64,0.0,69.0,3070.79,1070.228,136.65454,68.355835,1046.3724233333332,368.1353058333333,1000.82091,345.3500275,1.0192590492821119,4.517665844371314
65,0.0,70.0,3078.541,1070.592,129.41089,75.48718,1047.748815,369.4451966666667,1004.6118516666667,344.28280333333333,0.9080913436768303,4.484049142505492
66,0.0,71.0,3051.7666,1081.9846,51.234863,76.51953,1025.7946771666666,373.4147883333333,1008.7163895,347.9082783333333,0.7728468459915038,4.59357367796045
67,0.0,72.0,3098.3877,1075.9285,118.3916,76.38611,1052.5278333333333,371.3738516666666,1013.0639666666667,345.911815,0.6458055886966922,4.536225059808146
68,0.0,73.0,3114.5027,1075.4626,115.737305,78.9198,1057.4571174999999,371.6408333333334,1018.8780158333334,345.3342333333333,0.4761334666857201,4.5236327914032755
69,0.0,74.0,3132.7756,1068.2485,94.28906,52.626343,1059.9733766666666,364.8538904999999,1028.54369,347.3117761666666,0.19526269556084624,4.582847320198708
70,0.0,75.0,3132.3047,1067.2849,109.691895,57.86841,1062.3835491666666,365.4063683333334,1025.8195841666666,346.1168983333333,0.27427758689068915,4.547601163741788
71,0.0,76.0,3133.0225,1069.6758,127.3916,65.12024,1065.5727666666667,367.4119733333333,1023.1089,345.7052266666666,0.35307992425255286,4.535154771721491
72,0.0,77.0,3144.7354,1068.0559,116.41333,66.283936,1067.647355,367.06595599999997,1028.8429116666666,344.9713106666667,0.18601391187449548,4.514772893878801
73,0.0,78.0,3149.5078,1067.8926,120.70239,68.08118,1069.9529983333332,367.3110633333333,1029.7188683333331,344.6173366666666,0.16043507398883564,4.50461901465626
74,0.0,79.0,3173.472,1073.5359,78.376465,64.00513,1070.8867441666666,368.5128216666667,1044.7612558333333,347.1777783333333,-0.2768642210958221,4.58172636130521
75,0.0,80.0,3179.7832,1071.2013,88.35718,62.68164,1074.65393,367.5140399999999,1045.2015366666665,346.62016,-0.2898124639890428,4.565569279247796
76,0.0,81.0,3185.773,1070.9326,97.13086,64.72046,1078.11281,367.76427666666666,1045.7358566666667,346.19079,-0.30546874003129454,4.553161510169783
77,0.0,82.0,3190.4731,1078.206,99.98218,82.77222,1080.15473,373.1973699999999,1046.8273366666667,345.60663,-0.3373826318510908,4.536342807458376
78,0.0,83.0,3193.9028,1083.3553,111.72876,93.47656,1083.2557266666665,376.69786,1046.0128066666666,345.53900666666664,-0.3136841293420426,4.534234840043391
79,0.0,84.0,3212.4175,1086.3987,104.99487,100.60535,1088.3049783333333,378.9004583333333,1053.306688333333,345.36534166666667,-0.5260886276553974,4.5304270300124925
80,0.0,85.0,3220.6118,1086.561,91.44946,94.54968,1088.7788433333333,377.94527999999997,1058.29569,346.42871999999994,-0.6711055208435248,4.562239025867999
81,0.0,86.0,3222.759,1095.1024,93.0542,103.9624,1089.7620333333332,382.36119999999994,1058.7439666666667,347.70706666666666,-0.6838567633593038,4.599532229463058
82,0.0,87.0,3242.1016,1082.7097,85.54248,83.13928,1094.9576133333333,374.75978,1066.4434533333333,347.0466866666667,-0.9082204943179101,4.5816264923231715
83,0.0,88.0,3249.2769,1086.7219,81.31714,103.195435,1096.6451566666665,379.4398725,1069.539443333333,345.04139416666663,-0.9962116020008241,4.511308561981687
84,0.0,89.0,3253.224,1084.0376,73.90723,107.05347,1096.7258716666665,379.18811166666666,1072.0901283333333,343.50362166666673,-1.0706481919858974,4.4670553560185695
85,0.0,90.0,3257.4307,1084.311,80.045654,111.9364,1099.1511756666664,380.09306666666663,1072.4692909999999,342.7809333333333,-1.0834057370558885,4.458440988278834
86,0.0,91.0,3262.037,1086.5309,84.78296,104.982666,1101.4761599999997,379.6740776666666,1073.2151733333333,344.67985566666664,-1.10464957721599,4.51385875614277
87,0.0,92.0,3267.7456,1085.134,79.92334,97.30994,1102.56909,377.9296566666667,1075.9279766666666,345.49300999999997,-1.1715594786058636,4.544385958043049
88,0.0,93.0,3266.4019,1086.4988,86.61328,107.46399,1103.2361799999999,380.0769316666667,1074.3650866666667,344.2556016666666,-1.1053174074654475,4.522672170633107
89,0.0,94.0,3265.4937,1088.4456,91.82886,100.92273,1103.80271,379.63565500000004,1073.19309,345.99474499999997,-1.0738881759098138,4.572191706810771
90,0.0,95.0,3268.0813,1080.9194,108.79248,107.9978,1107.4925133333331,378.3061,1071.2283533333332,342.3068333333333,-1.0176565156865922,4.464740932183583
91,0.0,96.0,3267.287,1076.2839,106.664795,110.19739,1106.8731324999999,377.1275316666666,1071.3182008333333,340.39506833333326,-1.0207285766074556,4.409225845956202
92,0.0,97.0,3273.293,1077.0741,96.273926,111.85541,1107.143321,377.66726833333337,1075.0520123333333,340.3821316666666,-1.129288282475138,4.409483294649296
93,0.0,98.0,3278.4407,1075.9137,90.80859,118.35602,1107.9483316666665,378.3639033333334,1077.6788016666667,338.9118966666667,-1.206018844191024,4.367220289406425
94,0.0,99.0,3278.2935,1074.007,90.75952,118.661804,1107.8910866666665,377.77930066666664,1077.6379133333335,338.225366,-1.204996387854122,4.347270088503661
95,0.0,100.0,3286.7417,1071.9178,74.12329,131.54785,1107.9344483333334,379.23057499999993,1083.2266849999999,335.38129166666664,-1.368196203473512,4.265591525384322
96,0.0,101.0,3286.9248,1064.3754,65.56128,122.427185,1106.56848,375.19633083333326,1084.71472,334.3872691666666,-1.411023750170395,4.240096751401483
97,0.0,102.0,3287.5894,1058.4226,64.70581,118.597595,1106.6474349999999,372.57379916666673,1085.0788316666665,333.0412675,-1.4219420207303473,4.2010412509545185
98,0.0,103.0,3284.529,1051.3735,68.16797,111.190186,1106.2043283333333,368.98953099999994,1083.4816716666664,331.9261356666666,-1.3757958901411442,4.168364437292229
99,0.0,104.0,3280.9663,1043.9674,80.8147,106.014404,1107.12455,365.65820066666663,1080.1863166666667,330.320066,-1.2804114959542143,4.121134225438629
100,0.0,105.0,3267.3818,1035.0305,104.901855,90.91034,1106.6109091666667,360.16188999999997,1071.6436241666665,329.85844333333335,-1.032726000621395,4.103189851431547
101,0.0,106.0,3263.8457,1027.6549,105.64819,83.63159,1105.556598333333,356.49023166666666,1070.3405349999998,328.61303499999997,-0.9943917138233744,4.0636859614626815
102,0.0,107.0,3260.5593,1016.08154,116.19873,89.08887,1106.219555,353.5419916666666,1067.486645,323.8457016666666,-0.9126021970018392,3.9247416739447845
103,0.0,109.0,3260.7144,1007.25305,96.04175,83.85333,1102.9117583333332,349.72657166666664,1070.8978416666664,321.7754616666667,-1.0092596509454221,3.8847401216882242
104,0.0,110.0,3241.4028,1006.71564,125.32617,80.84412,1101.3552949999998,349.04589999999996,1059.5799049999998,322.09785999999997,-0.6812874867791611,3.891945572810223
105,0.0,111.0,3232.6152,1004.13403,110.79126,73.39209,1096.00361,346.9433583333333,1059.07319,322.47932833333334,-0.6665186906502081,3.9028995361986
106,0.0,112.0,3226.766,998.30383,98.52466,77.38605,1092.0094433333334,345.66561833333327,1059.16789,319.8702683333333,-0.650489178371061,3.8241881962072255
107,0.0,113.0,3221.423,992.355,95.64111,67.58032,1089.7478516666665,342.04838666666666,1057.8674816666667,319.52161333333333,-0.6145560163378182,3.8133695797413947
108,0.0,114.0,3222.7026,988.1975,99.875244,73.3952,1090.880074,341.63169999999997,1057.588326,317.1666333333333,-0.6068178369396727,3.7451265957721565
109,0.0,115.0,3206.8833,980.101,93.00659,68.73193,1084.4621983333332,338.15565499999997,1053.4600016666666,315.24501166666664,-0.48748504814930915,3.685844598355298
110,0.0,116.0,3190.2144,973.0179,106.005615,63.965332,1081.0724025,335.00018866666665,1045.7371974999999,313.6784113333333,-0.2641195835042967,3.6489792966180086
111,0.0,117.0,3199.6191,963.9637,77.71069,58.738403,1079.4914816666665,331.1109671666667,1053.5879183333332,311.5314995,-0.49304548245777924,3.588048623081537
112,0.0,118.0,3191.9287,962.3613,84.5061,58.95099,1078.0605833333332,330.612265,1049.8918833333332,310.961935,-0.38550879608218563,3.570868229181943
113,0.0,119.0,3186.9082,957.7868,87.207275,63.458496,1076.8372791666666,329.8386826666666,1047.7681874999998,308.6858506666666,-0.32402327322560287,3.5044354784438623
114,0.0,120.0,3161.611,960.957,100.123535,60.07727,1070.5575891666665,330.3318783333333,1037.1830774999999,310.3061216666666,-0.01561037871863391,3.54021918348631
115,0.0,121.0,3151.1396,957.6122,130.40186,61.295105,1072.11351,329.4199175,1028.6462233333332,308.98821583333336,0.2320321806268183,3.5006812277674397
116,0.0,123.0,3145.5234,954.0,120.391846,66.85217,1068.5731076666666,329.1420283333333,1028.4424923333331,306.85797166666663,0.23762030020743524,3.438993729315202
117,0.0,124.0,3133.9995,953.16626,112.98999,74.57977,1063.498165,330.1520483333333,1025.8348349999999,305.29212499999994,0.3130811335438857,3.393250895847928
118,0.0,125.0,3123.5679,956.01,97.70947,73.341064,1057.4742116666666,330.89351066666666,1024.9043883333334,306.4464893333333,0.35900511020231013,3.423223665732671
119,0.0,126.0,3118.3042,956.37537,95.82788,72.05731,1055.4060466666665,330.80134166666664,1023.46342,306.78223833333334,0.4096182970496832,3.4354751648670065
120,0.0,127.0,3105.4194,943.4231,117.67114,96.29315,1054.7516566666668,330.52322499999997,1015.5279433333333,298.4255083333333,0.6178455612044829,3.1950143883691715
121,0.0,128.0,3098.9722,957.9326,96.930176,67.13306,1049.1457626666665,330.49970999999994,1016.8357040000001,308.12202333333335,0.5821991963543255,3.47602152214993
122,0.0,129.0,3036.6226,974.38135,41.10498,51.63684,1019.0583633333333,333.3999233333333,1005.3567033333334,316.1876433333333,0.9162305205676704,3.7073945774978916
123,0.0,130.0,3100.095,969.37134,103.882324,67.09515,1050.6787206666665,334.306305,1016.0512793333332,311.94125499999996,0.5867517355429493,3.5895147027968157
124,0.0,133.0,3085.519,983.32056,96.793945,93.343994,1044.6386575,343.3308523333333,1012.3740091666665,312.21618766666666,0.7122540530263892,3.593727422087394
125,0.0,134.0,3081.037,982.8411,82.147705,82.421265,1040.7036174999998,341.3505775,1013.3210491666665,313.8768225,0.6852230996533611,3.6419851365822327
126,0.0,135.0,3066.7847,982.77515,71.17944,84.351746,1034.1248066666667,341.650341,1010.3983266666667,313.53309233333334,0.7786483404862987,3.6373116650275166
127,0.0,136.0,3060.1597,987.53394,66.73828,96.256165,1031.17628,345.22067416666664,1008.9301866666667,313.13528583333334,0.8209812891505349,3.6255097466844695
128,0.0,137.0,3046.3635,986.67834,65.37109,111.99512,1026.3496816666666,347.5586333333333,1004.5593183333333,310.22692666666666,0.9653308406836423,3.537384140936395
129,0.0,138.0,3024.2173,984.89966,74.96704,88.312256,1020.5669399999999,343.018596,995.5779266666665,313.58117733333336,1.2260675048640524,3.629918115195641
130,0.0,139.0,3006.2646,984.8443,101.27344,97.648315,1018.9671066666666,344.55615249999994,985.2092933333333,312.00671416666665,1.5291446564780902,3.5836600264231566
131,0.0,140.0,2991.8696,985.4427,111.17334,95.98645,1015.8187566666667,344.47864166666665,978.7609766666666,312.4831583333333,1.716029104871458,3.5963971563583894
132,0.0,141.0,2982.8096,990.1949,99.92505,89.969604,1010.9240416666667,345.05990066666664,977.6156916666666,315.07003266666663,1.7511653948445784,3.674029065522847
133,0.0,142.0,2970.6826,993.91644,99.87012,91.10925,1006.8725533333333,346.49035499999997,973.5825133333334,316.12060499999995,1.8682984102863496,3.703786118450082
134,0.0,143.0,2959.408,994.4806,91.86133,104.86505,1001.7795549999998,348.9710416666667,971.1591116666666,314.01602499999996,1.93808245335026,3.642451406604665
135,0.0,144.0,2944.7642,1001.651,73.50366,104.23663,993.8386766666667,351.25643833333334,969.3374566666666,316.51089499999995,1.9914217029559405,3.714389054767868
136,0.0,145.0,2928.4583,1005.8395,66.3999,105.61139,987.2194166666666,352.88173166666667,965.0861166666665,317.677935,2.1148875056645235,3.7474790756487906
137,0.0,146.0,2917.0984,1007.10565,63.368164,101.64636,982.927494,352.64294333333333,961.8047726666665,318.7608233333333,2.210216430775419,3.77829032530316
138,0.0,147.0,2895.6655,1008.15564,86.26099,103.39484,979.598665,353.2843533333333,950.8450016666667,318.8194066666666,2.5278206933555136,3.778181015445685
139,0.0,148.0,2875.7869,1005.0349,79.56641,88.75983,971.8567016666667,349.8049383333333,945.3345649999999,320.2183283333333,2.7045878169677313,3.814650050926664
140,0.0,149.0,2859.539,1006.94836,84.3313,89.87909,967.2348833333333,350.62930166666666,939.12445,320.669605,2.8844362080942503,3.8266849128210176
141,0.0,150.0,2841.2163,1005.89856,87.10693,85.14307,961.5899216666667,349.4900316666666,932.5542783333333,321.1090083333333,3.074690571639714,3.838315854568765
142,0.0,151.0,2828.1074,1002.0349,72.428955,87.87134,954.7739591666666,348.6568566666666,930.6309741666665,319.36641,3.130114143213802,3.787577376567462
143,0.0,152.0,2804.012,1000.6494,74.76123,74.02661,947.1308716666667,345.8875683333333,922.2104616666667,321.2120316666667,3.3741026227553372,3.8395907812330767
144,0.0,153.0,2787.3667,1000.1336,85.57251,79.88562,943.3843183333333,346.6921366666666,914.8601483333333,320.0635966666666,3.586668211878377,3.805152585263092
145,0.0,154.0,2764.7808,999.9662,98.09204,69.5022,937.9422733333333,344.90576666666664,905.2449266666665,321.73836666666665,3.865151333247788,3.8520197990153244
146,0.0,155.0,2752.3193,997.61664,103.11157,63.519653,934.6250283333334,343.1254888333333,900.254505,321.9522711666666,4.018257695576322,3.866771699574001
147,0.0,156.0,2725.0347,1007.5045,115.02319,64.20996,927.5154316666667,346.53649333333334,889.1743683333334,325.13317333333333,4.338464313169274,3.9564471455565084
148,0.0,157.0,2711.7886,1001.864,110.85083,64.70099,922.4046716666667,344.738165,885.4543949999999,323.1711683333333,4.445749090581373,3.909445118316188
149,0.0,158.0,2694.7036,1005.5255,96.18237,80.35034,914.2649283333333,348.56688999999994,882.2041383333332,321.7834433333333,4.54764134423545,3.8716882460688526
150,0.0,159.0,2679.2954,1007.94055,95.846436,75.08911,909.0728726666666,348.495035,877.1240606666667,323.46533166666666,4.694496199856646,3.9193894081130716
151,0.0,160.0,2664.9956,1009.7903,96.70239,76.95734,904.4489316666668,349.42299,872.2148016666666,323.7705433333333,4.836207568501914,3.927296414727937
152,0.0,161.0,2649.505,1011.22534,99.875244,71.78369,899.8142073333333,349.03906166666667,866.5224593333334,325.11116499999997,5.000668126439583,3.9650079892625727
153,0.0,162.0,2650.124,1004.57117,63.826904,67.87787,894.0124839999999,346.170035,872.7368493333333,323.54407833333335,4.821108750543514,3.9208432689253687
154,0.0,163.0,2634.0518,1004.17053,62.147217,59.99707,888.3751361666666,344.7230216666667,867.6593971666667,324.7239983333333,4.967802545024433,3.9540218718915545
155,0.0,164.0,2622.3142,1005.56494,49.53662,69.57129,882.3608366666665,346.78352833333327,865.84863,323.5930983333333,5.019880521052226,3.9209673408492622
156,0.0,165.0,2603.2764,1007.7049,67.68677,66.14685,879.0399283333334,346.92610833333333,856.4776716666667,324.8771583333333,5.290467319251219,3.956350666431792
157,0.0,166.0,2578.0479,1016.85254,88.79175,94.538635,874.147925,354.70728583333334,844.550675,323.19440749999995,5.634331649254885,3.9054343958126103
158,0.0,167.0,2562.993,1023.1998,107.08984,103.19183,872.1793066666665,358.2652383333333,836.4826933333334,323.86796166666664,5.878805910513746,3.920871109083356
159,0.0,168.0,2554.125,1024.2356,110.34253,104.060974,869.7654216666666,358.7553623333333,832.9845783333333,324.06837099999996,5.979773591846624,3.9043012556042243
160,0.0,169.0,2558.0903,1038.8658,68.14966,61.838135,864.0550433333333,356.5949558333333,841.3384899999999,335.98224416666665,5.726733501256777,4.25331618195439
161,0.0,170.0,2532.607,1049.0189,85.04956,84.02814,858.37726,363.6776566666666,830.0274066666666,335.66827666666666,6.053658410634508,4.242344581246486
162,0.0,171.0,2528.3364,1049.8324,70.1272,79.97699,854.4666666666667,363.2736316666667,831.0909333333334,336.61463499999996,6.023113161430965,4.2698844924284645
163,0.0,172.0,2519.1816,1056.7023,67.3186,77.87726,850.9469666666665,365.2136433333333,828.5074333333333,339.25455666666664,6.098345521309647,4.345777118365694
164,0.0,173.0,2512.4656,1067.8799,71.115234,74.10657,849.3410723333333,368.3110616666666,825.6359943333333,343.60887166666663,6.182254905023281,4.471181534185212
165,0.0,174.0,2504.0623,1073.5261,68.180176,70.89258,846.050796,369.65746333333334,823.3240706666667,346.0266033333333,6.249583142866677,4.540687313164414
166,0.0,175.0,2486.894,1082.018,63.205566,60.583252,839.4989276666665,370.7698753333333,818.4304056666666,350.575458,6.391968872774199,4.671358322538293
167,0.0,176.0,2485.2656,1086.9808,65.51221,69.00366,839.3405683333333,373.8275433333333,817.5031650000001,350.82632333333333,6.418819206043335,4.678452532706151
168,0.0,177.0,2472.4873,1095.4597,72.91943,72.301025,836.3156716666665,377.2034041666667,812.0091949999999,353.10306249999996,6.578066036406104,4.7433301280228255
169,0.0,178.0,2456.4026,1101.6775,97.38818,69.42053,835.0322299999999,378.79592166666663,802.5695033333333,355.655745,6.864316626315706,4.824578642224623
170,0.0,179.0,2452.5024,1108.1233,91.07178,78.50183,832.6794299999999,382.4580716666667,802.3221699999999,356.29079499999995,6.871602813543643,4.842922238269251
171,0.0,180.0,2446.9763,1113.5769,85.33203,81.69617,829.8807716666665,384.80832833333335,801.4367616666666,357.5762716666666,6.8974808699111225,4.879981020740561
172,0.0,181.0,2439.337,1111.0725,86.252686,61.863647,827.4877809999999,380.66810783333335,798.7368856666667,360.0468921666666,6.963146024989327,4.962231876627247
173,0.0,182.0,2435.2122,1122.1019,70.6958,66.471924,823.5200333333333,385.1126206666666,799.9547666666665,362.9553126666666,6.928558070017214,5.046542928821956
174,0.0,183.0,2425.4277,1127.6401,74.284424,67.48938,820.8566373333334,387.12826333333334,796.0951626666666,364.6318033333333,7.036792130558262,5.101380549023228
175,0.0,184.0,2423.4922,1133.5208,78.60303,68.336914,820.9312383333333,389.2297523333333,794.7302283333333,366.450781,7.076632678697248,5.153732659042011
176,0.0,185.0,2412.7998,1143.0217,79.76221,73.369995,817.5603016666665,393.23556583333334,790.9728983333332,368.7789008333333,7.185605252116451,5.220350104855347
177,0.0,186.0,2403.6255,1147.2083,85.66675,74.35425,815.4862916666667,394.7951416666666,786.9307083333333,370.0103916666667,7.31301729846047,5.251799998275468
178,0.0,187.0,2394.3079,1151.4911,90.305176,82.032715,813.1534959999999,397.50248583333325,783.0517706666666,370.1582475,7.429446515166235,5.258614897910284
179,0.0,188.0,2391.7659,1157.5767,86.649414,78.240234,811.696869,398.898939,782.8137309999998,372.818861,7.436792461557236,5.335519464318004
180,0.0,189.0,2385.1455,1158.0623,91.40259,75.56775,810.2822649999999,398.6153916666667,779.814735,373.42614166666664,7.536868026083876,5.348071176109643
181,0.0,190.0,2379.8015,1162.5193,88.21924,76.00708,807.9703733333333,400.17427999999995,778.56396,374.83858666666663,7.573228147558368,5.3886241104829695
182,0.0,191.0,2369.6826,1168.1362,86.93286,77.00659,804.38301,402.21316499999995,775.40539,376.5443016666666,7.683070706272107,5.424009141976017
183,0.0,192.0,2363.3403,1181.6943,92.874756,93.51013,803.2592259999999,409.4831216666667,772.3009739999999,378.31307833333335,7.773175762000907,5.474609548592781
184,0.0,193.0,2360.5112,1191.059,99.32129,97.888916,803.3906149999999,413.33448599999997,770.2835183333333,380.7048473333333,7.818053977554873,5.533618974343413
185,0.0,194.0,2355.8125,1196.7407,94.4043,83.08679,801.0048833333333,412.76136499999996,769.5367833333332,385.0657683333334,7.8355320973131075,5.66282286867258
186,0.0,195.0,2351.0176,1198.7579,91.656494,76.605225,798.9486156666667,412.35350416666665,768.3964510000001,386.8184291666667,7.868755693371973,5.713257515539212
187,0.0,196.0,2348.2744,1204.0486,90.08423,80.40857,797.7721716666666,414.7509616666667,767.7440949999998,387.948105,7.873893715007763,5.741204904698083
188,0.0,197.0,2342.9438,1214.94,97.351074,97.974976,797.2064456666667,421.3091626666667,764.7560876666666,388.65083733333336,7.965327642209976,5.757603792048489
189,0.0,198.0,2338.2124,1219.9669,96.69238,96.51929,795.51953,422.7421816666666,763.2887366666665,390.5690849999999,8.008052643015748,5.812786894929741
190,0.0,199.0,2332.5393,1228.6443,89.839355,111.17224,792.4863258333332,428.0768066666666,762.5398741666666,391.0193933333333,8.029749895095295,5.825662513733708
191,0.0,200.0,2332.4707,1224.812,87.67749,93.99353,792.1031483333333,423.93625499999996,762.8773183333333,392.60507833333327,8.02476459613304,5.874855734783738
192,0.0,201.0,2331.7715,1228.5281,80.510254,82.86182,790.6755423333332,423.31967,763.8387909999999,395.6990633333333,7.997557325674373,5.964496461012838
193,0.0,202.0,2331.856,1232.7957,78.71411,80.05798,790.4043516666667,424.2748966666666,764.166315,397.5889033333333,7.988437649124002,6.0191979569324365
194,0.0,203.0,2330.2676,1239.459,70.090576,86.06213,788.4376293333332,427.4966883333333,765.074104,398.8093116666667,7.972942587544705,6.057875198916257
195,0.0,204.0,2328.2642,1247.479,70.96216,86.69263,787.9150933333333,430.275105,764.26104,401.3775616666667,7.99698195534879,6.1319543514934205
196,0.0,205.0,2327.6885,1250.1421,67.059814,74.54187,787.0728023333334,429.1376783333333,764.719531,404.29038833333334,7.992833364435654,6.212906539108047
197,0.0,206.0,2325.1885,1257.9414,66.71411,71.60779,786.1818516666667,431.24843166666665,763.9438150000001,407.37916833333327,8.015744403360353,6.302045309512202
198,0.0,207.0,2324.071,1258.6526,66.96973,63.247192,785.8519549999999,430.09206533333327,763.5287116666666,409.009668,8.047652394317808,6.34020962272504
199,0.0,208.0,2319.0195,1265.3862,66.00073,70.59302,784.0066216666665,433.5609033333333,762.0063783333333,410.0298966666667,8.091814957423242,6.36935146152791
200,0.0,209.0,2315.589,1273.5546,66.59033,84.143555,782.9613883333333,438.54212583333333,760.7646116666666,410.4942741666666,8.141853432410405,6.374534365987654
201,0.0,210.0,2307.2173,1286.7244,72.173584,100.38281,781.1013639999999,445.63860166666666,757.0435026666665,412.177665,8.229524342659563,6.414659007787055
202,0.0,211.0,2309.2974,1292.528,68.84277,110.56641,781.239595,449.27040166666666,758.2920049999999,412.4149316666667,8.193544367302414,6.42173685471218
203,0.0,212.0,2306.8462,1293.5437,68.42749,99.14319,780.353315,447.70509833333335,757.5441516666666,414.65736833333324,8.215515640320774,6.486359992725286
204,0.0,213.0,2306.7073,1295.2786,66.71826,87.15881,780.0221433333332,446.28600166666666,757.7827233333334,417.233065,8.2090853973937,6.560783533515638
205,0.0,214.0,2306.1418,1301.2195,61.10498,76.99902,778.8980966666666,446.5730033333333,758.5297699999999,420.90666333333326,8.188178664315087,6.667000739565676
206,0.0,215.0,2306.7466,1309.0203,57.888428,74.399536,778.5636046666666,448.7400226666666,759.2674619999999,423.9401773333333,8.167429892814049,6.754729823829192
207,0.0,216.0,2306.329,1322.8918,63.815674,84.58508,779.4122790000001,455.06144666666665,758.1403876666666,426.86642000000006,8.21449524455387,6.832853069923106
208,0.0,217.0,2308.5356,1327.3672,62.13867,81.23096,779.8683116666667,455.9942266666666,759.1554216666666,428.91724,8.197367222256537,6.89524490178217
209,0.0,218.0,2306.6611,1334.2183,63.07544,81.058716,779.3996066666665,458.2492193333333,758.37446,431.22964733333333,8.22041984299138,6.961766795805767
210,0.0,219.0,2303.2583,1341.4348,69.17212,80.697876,779.2814533333333,460.59457933333334,756.22408,433.6952873333333,8.283010062112808,7.032420182966864
211,0.0,220.0,2300.3904,1347.5906,72.99707,84.373535,778.9629783333335,463.2591225,754.6306216666667,435.1346108333333,8.329299530046116,7.073591391327624
212,0.0,221.0,2301.1367,1352.8749,70.86597,85.7417,778.8565616666666,465.24858333333333,755.2345716666666,436.66801666666663,8.308778421068501,7.114937386579281
213,0.0,222.0,2300.7778,1366.1652,73.78784,108.54468,779.2239066666666,473.47917999999993,754.6279599999999,437.29761999999994,8.314300616584463,7.130031221957331
214,0.0,223.0,2300.919,1373.1445,64.586914,114.670044,777.7374856666667,476.8265073333333,756.2085143333331,438.60315933333334,8.268953873917948,7.1680288456301575
215,0.0,224.0,2302.7642,1370.6688,60.47827,110.69556,777.6677783333332,475.33885999999995,757.508355,438.44033999999994,8.238063533337508,7.160534410853012
216,0.0,225.0,2301.3547,1372.3682,62.95459,128.57117,777.6106649999999,478.884595,756.6258016666666,436.02753833333327,8.26315539704178,7.090706800679128
217,0.0,226.0,2303.1943,1376.3074,65.333496,121.315186,778.6203493333334,478.9883309999999,756.8425173333333,438.54993566666667,8.257286971794706,7.1635591876402245
218,0.0,227.0,2304.0957,1386.734,62.57666,106.63159,778.4613433333332,480.01659833333326,757.6024566666666,444.47273499999994,8.236264834813461,7.334676403085547
219,0.0,228.0,2303.8442,1398.5771,63.719482,111.068726,778.5679803333334,484.70382099999995,757.3281529999999,447.6809123333333,8.244664487337964,7.427221117910901
220,0.0,229.0,2306.0142,1405.9219,68.582275,103.42224,780.1017791666666,485.8776733333333,757.2410208333333,451.40359333333333,8.247743047368912,7.534655740394353
221,0.0,230.0,2307.064,1405.4822,63.854736,77.755005,779.6637893333333,481.4532341666666,758.3788773333332,455.5348991666666,8.215547214044527,7.654145624416969
222,0.0,231.0,2308.7158,1410.9154,65.08374,71.11792,780.4192233333333,482.15812000000005,758.7246433333332,458.45214666666664,8.206015870057717,7.738424939583508
223,0.0,232.0,2312.1836,1416.792,69.246826,70.21277,782.2690043333332,483.9661283333333,759.186729,460.5618716666666,8.206387894411495,7.8020547243992375
224,0.0,233.0,2315.0703,1419.281,69.3479,67.22925,783.2480833333332,484.2985416666666,760.1321166666667,461.88879166666663,8.179407788278857,7.840538323308829
225,0.0,235.0,2315.4277,1438.5526,82.64014,101.74097,785.5825900000001,496.4743616666666,758.0358766666666,462.560705,8.225805037138299,7.8648107935486005
226,0.0,236.0,2317.7988,1441.8375,88.94702,109.28735,787.4241033333333,498.82705833333335,757.7750966666667,462.39794166666667,8.230557399661754,7.857399416782706
227,0.0,237.0,2320.3923,1449.2517,75.59766,95.43274,786.06371,498.9893566666667,760.8644899999999,467.1784433333333,8.142704960896534,7.995840235973944
228,0.0,239.0,2328.3145,1451.8076,83.468994,67.39099,790.0163323333333,495.1676983333333,762.1933343333333,472.70403500000003,8.105702967569368,8.155358321023794
229,0.0,240.0,2332.4272,1456.4363,82.87695,65.51819,791.2885583333333,496.39846500000004,763.6629083333333,474.5590683333333,8.07797013252008,8.21153171897601
230,0.0,241.0,2332.6924,1461.2748,81.488525,62.846924,791.1455541666666,497.56608733333326,763.9827124999999,476.6171126666666,8.06934128311051,8.270869799251974
231,0.0,242.0,2337.6953,1466.1897,79.28638,65.56091,792.4461633333332,499.6567183333333,766.01737,477.80308166666657,8.003749835158855,8.307966095060237
232,0.0,243.0,2339.4949,1471.8538,80.55029,72.3479,793.2566816666667,502.6759166666667,766.406585,478.55994999999996,7.992755317040725,8.329836409400755
233,0.0,244.0,2345.0898,1471.2742,81.485596,68.25476,795.2775326666667,501.80052666666666,768.1156673333332,479.04894,7.943764020427486,8.344296201651765
234,0.0,245.0,2350.9258,1479.4182,89.59253,79.26636,798.5740216666666,506.35046,768.709845,479.92834,7.926910337081251,8.369739351469073
235,0.0,246.0,2356.055,1483.7854,93.02051,82.46045,800.8550849999999,508.33854166666663,769.8482483333332,480.851725,7.894427997246674,8.396571669662924
236,0.0,247.0,2358.1875,1487.8977,96.437744,92.618774,802.1354573333333,511.4023623333333,769.9895426666667,480.52943766666664,7.890286217977073,8.387328552551677
237,0.0,248.0,2362.3345,1491.9211,102.31641,98.70007,804.4975683333333,513.757045,770.3920983333333,480.8570216666667,7.878800213074305,8.396847442644582
238,1.0,0.0,1869.1179,194.13191,64.11035,111.42874,633.7243583333333,83.28209333333334,612.3542416666667,46.139179999999996,12.285750285605369,-4.296804901961506
239,1.0,1.0,1868.8179,193.08842,61.230103,107.88574,633.1443171666666,82.34376333333333,612.7342828333333,46.38185,12.280430223724194,-4.29694759025515
240,1.0,2.0,1868.7471,193.00793,61.115112,107.53056,633.101552,82.25773666666666,612.729848,46.41421666666666,12.280564502112826,-4.295998133822689
241,1.0,3.0,1868.0172,191.62503,60.001465,108.37898,632.6726441666666,81.93817333333334,612.6721558333334,45.81184666666667,12.282157350712659,-4.313684724607721
242,1.0,4.0,1867.599,191.35144,58.33008,108.1799,632.25468,81.81379666666666,612.8113199999999,45.753829999999994,12.278087765383026,-4.31537139111969
243,1.0,5.0,1867.646,191.56525,57.180542,110.76192,632.078757,82.31540333333334,613.0185763333333,45.39476333333332,12.251238559067426,-4.318443029528109
244,1.0,6.0,1867.6019,191.70502,56.066895,113.27014,631.8784491666665,82.78002999999998,613.1894841666666,45.023316666666666,12.246189187786566,-4.329301911537497
245,1.0,7.0,1866.967,190.58374,56.2489,111.06578,631.69715,82.03887666666667,612.9475166666666,45.016949999999994,12.25323673724227,-4.329516333173075
246,1.0,8.0,1867.2732,191.19556,56.57483,113.348465,631.8535383333333,82.62326416666667,612.9952616666667,44.840442499999995,12.271627614012644,-4.327348835229014
247,1.0,9.0,1867.0829,190.40305,55.77832,113.73349,631.6573533333333,82.423265,613.06458,44.512101666666666,12.269561782564468,-4.3369360602818325
248,1.0,10.0,1867.447,191.18842,57.318237,114.33513,632.0353728333332,82.78532833333333,612.9292938333333,44.67361833333334,12.253702292599627,-4.339573725961891
249,1.0,11.0,1867.6626,190.80472,57.285645,115.80574,632.1018075,82.90253,613.0065925,44.30061666666666,12.251379553784364,-4.350489125447756
250,1.0,12.0,1867.4279,190.97868,57.591064,113.60065,632.0744773333333,82.59300166666665,612.8774559999999,44.72611833333333,12.255222367133674,-4.338042120739889
251,1.0,13.0,1867.9926,190.5426,56.384033,113.370804,632.0615388333333,82.409334,613.2668611666667,44.61906599999999,12.243858194004227,-4.341132447074138
252,1.0,14.0,1868.0234,190.18103,55.19458,112.55681,631.8735633333333,82.153145,613.47537,44.63420833333333,12.237786953225442,-4.340664886733969
253,1.0,15.0,1867.9451,188.97565,56.295044,110.286896,632.0308739999999,81.37303266666666,613.2658593333333,44.610733999999994,12.243885793259276,-4.341376586891015
254,1.0,16.0,1868.3958,189.67725,55.878662,110.10457,632.1117103333333,81.57651166666666,613.4854896666666,44.87498833333332,12.23753798358866,-4.3336118637823
255,1.0,17.0,1868.0597,189.22318,56.039062,110.73628,632.0264103333333,81.53044,613.346723,44.618346666666675,12.261372841692529,-4.333798787883995
256,1.0,18.0,1868.3726,189.66742,57.63391,108.57866,632.3965183333332,81.31891666666667,613.185215,45.12602999999999,12.266146990684764,-4.318981209292465
257,1.0,19.0,1868.6184,189.68918,58.62085,108.209335,632.6429416666666,81.26461583333332,613.1026583333334,45.19483749999999,12.268558314217705,-4.316979940276674
258,1.0,20.0,1868.9932,190.03496,59.885742,107.66492,632.9786903333332,81.28914,613.0167763333333,45.40083333333334,12.271087213124359,-4.310969999815486
259,1.0,21.0,1868.8789,190.62665,59.735962,106.63545,632.915627,81.31479166666666,613.0036396666666,45.76964166666667,12.271525361754708,-4.300193853641961
260,1.0,22.0,1868.6582,190.25098,60.62146,109.03551,632.9896433333333,81.58957833333332,612.78249,45.24440833333333,12.277876726462678,-4.315568176856059
261,1.0,23.0,1868.6282,190.10834,59.83777,107.57689,632.8490283333333,81.29892833333332,612.903105,45.439965,12.268666702785092,-4.302518043904554
262,1.0,24.0,1868.4971,189.03537,58.342163,107.015945,632.5560605,80.84778083333333,613.1086728333333,45.175799166666664,12.262640791410329,-4.310197389499717
263,1.0,25.0,1868.4202,189.88664,57.770874,108.93054,632.4352123333333,81.45063666666667,613.1782543333334,45.140456666666665,12.260611475800461,-4.311219977185825
264,1.0,26.0,1867.7388,188.85974,57.095947,108.68637,632.0955911666666,81.06764166666666,613.0636088333333,44.838851666666656,12.263886077187435,-4.320027792729048
265,1.0,27.0,1867.8994,188.10187,57.24939,108.62956,632.1746983333333,80.80555,613.0915683333333,44.595696666666655,12.263026755445129,-4.327114888952148
266,1.0,28.0,1867.0496,186.64114,56.460938,105.32268,631.760023,79.76749333333333,612.9397103333333,44.659933333333335,12.247633098383089,-4.33258623440223
267,1.0,29.0,1867.4302,187.34784,56.779175,106.89711,631.9399291666666,80.26546499999999,613.0135375,44.633095,12.271064578200876,-4.3334061015833845
268,1.0,30.0,1867.32,187.8299,57.24829,109.350815,631.9813816666666,80.8351025,612.8986183333333,44.38483083333333,12.290144913725499,-4.319755227309608
269,1.0,31.0,1867.6797,188.4356,56.421753,109.473175,631.9635255,81.05739583333333,613.1562744999999,44.56633749999999,12.28268014789069,-4.31444135301339
270,1.0,32.0,1867.4233,188.89185,57.04944,109.87578,631.9826733333332,81.27658,612.9661933333333,44.65132,12.268420451695409,-4.319315270752644
271,1.0,33.0,1866.9001,188.2381,56.98169,111.3539,631.7969816666666,81.30501666666666,612.803085,44.18705,12.298645917536644,-4.332876940634275
272,1.0,34.0,1866.7437,188.29762,56.50598,112.41989,631.6655633333332,81.50252166666667,612.8302366666667,44.029225,12.297838245084277,-4.337491139556058
273,1.0,35.0,1866.4053,188.92062,58.387573,112.735016,631.8663621666666,81.76270933333333,612.4038378333332,44.184370666666666,12.269098453022066,-4.313219341456656
274,1.0,36.0,1866.6553,188.94742,58.025024,109.89281,631.8892706666666,81.29794166666666,612.5475959999999,44.667004999999996,12.244328456377373,-4.291730090486226
275,1.0,37.0,1864.4512,194.58688,56.704468,114.42755,630.9344779999999,83.93355166666666,612.0329886666666,45.791035,12.2595508885224,-4.259029010682054
276,1.0,38.0,1863.8035,192.43474,58.544678,113.50781,631.0252796666666,83.06288166666667,611.5103869999999,45.226945,12.27461946508379,-4.2755296639932485
277,1.0,39.0,1864.0796,194.00537,58.983032,111.884995,631.190372,83.31595583333333,611.5293613333333,46.020957499999994,12.274249243987235,-4.252385916185305
278,1.0,40.0,1863.7899,194.94305,59.659424,112.872665,631.2065373333332,83.7931275,611.3200626666667,46.16890583333333,12.285936321673109,-4.24091698179332
279,1.0,41.0,1863.9089,194.32347,58.976074,114.05466,631.1323123333333,83.78359999999999,611.4736209999999,45.76537999999999,12.301031350403752,-4.245489999349614
280,1.0,42.0,1863.6165,194.7649,60.563232,116.076416,631.299372,84.26770266666666,611.111628,45.575564,12.31718882492089,-4.258249298512961
281,1.0,43.0,1863.6157,193.40643,59.167236,115.26897,631.0664393333333,83.68030499999999,611.3440273333333,45.257315000000006,12.29472913643893,-4.273290942307442
282,1.0,44.0,1864.2427,194.74287,59.00244,114.89374,631.2479733333333,84.06324666666666,611.5804933333333,45.76533333333334,12.268298863245118,-4.265619807929375
283,1.0,45.0,1864.3597,194.39648,58.66919,116.415436,631.2314316666666,84.20139933333333,611.675035,45.396254,12.265493260640302,-4.276378995956558
284,1.0,46.0,1864.4211,194.78078,61.295288,119.19287,631.6895813333333,84.79240499999999,611.2578186666667,45.06144833333333,12.277576451603801,-4.286203986936364
285,1.0,47.0,1865.0437,194.80759,62.442993,115.24315,632.0883988333333,84.143055,611.2740678333332,45.72867166666666,12.277205115335226,-4.26672930131463
286,1.0,48.0,1865.2549,194.05042,61.278076,115.88141,631.9646459999999,83.99704166666666,611.5386206666666,45.369904999999996,12.285139863841705,-4.282706132492324
287,1.0,49.0,1864.7114,194.77844,62.479248,120.019775,631.9836746666666,84.9294425,611.1572586666666,44.92285083333333,12.296162196347407,-4.29581416834091
288,1.0,50.0,1865.6588,193.47835,61.5813,118.45752,632.1498166666665,84.23570333333333,611.6227166666666,44.74986333333334,12.282599981869838,-4.300815710611404
289,1.0,51.0,1865.9346,193.24118,61.381714,117.61496,632.2084856666667,84.01622,611.7479143333333,44.811233333333334,12.278968447135773,-4.2990078860190355
290,1.0,52.0,1865.0056,194.00186,60.035522,121.056885,631.6744536666666,84.84343416666667,611.662613,44.491139166666656,12.287139922695575,-4.315697310262764
291,1.0,53.0,1865.0757,193.77094,59.473755,121.23747,631.6041925,84.79655833333334,611.7796075,44.384068333333325,12.283723915984217,-4.318819538063941
292,1.0,54.0,1865.3447,194.11255,59.609253,121.21239,631.7164421666666,84.90624833333334,611.8466911666667,44.50211833333333,12.281785387844899,-4.315354508643879
293,1.0,55.0,1865.5735,193.84996,58.638794,121.78116,631.6309656666666,84.91351333333333,612.084701,44.31979333333334,12.274839929934771,-4.32066671071468
294,1.0,56.0,1865.4346,194.28534,59.791992,122.01874,631.7768653333333,85.09823666666665,611.8462013333333,44.42532333333333,12.281791000338938,-4.31760362875677
295,1.0,57.0,1865.4537,194.16188,58.576904,120.78012,631.5807173333333,84.85064666666666,612.0550826666666,44.59060666666666,12.275732164836239,-4.312738920066082
296,1.0,58.0,1865.0093,194.0505,58.874634,120.23016,631.4822056666666,84.72185999999999,611.8573276666666,44.64514,12.281492007651925,-4.311164672260434
297,1.0,59.0,1865.0321,194.10385,59.89087,120.088715,631.6591783333333,84.71606916666666,611.6955549999999,44.6864975,12.265481243677955,-4.291189350504754
298,1.0,60.0,1864.9241,194.54974,60.213135,119.567276,631.6768891666666,84.77779266666667,611.6058441666667,44.922034000000004,12.262434604764884,-4.277077641806978
299,1.0,61.0,1864.5051,194.69928,60.428467,120.9814,631.5731111666666,85.06332666666665,611.4302888333333,44.736193333333325,12.267495761381262,-4.282502373091661
300,1.0,62.0,1864.7588,195.40965,61.19348,120.91141,631.78518,85.28845166666666,611.3873533333333,44.98464833333333,12.274478308098205,-4.282535065975807
301,1.0,63.0,1864.2617,194.8512,61.810913,121.386154,631.7223855,85.18142566666667,611.1187478333334,44.71937433333333,12.262515249497893,-4.297538927888758
302,1.0,64.0,1864.7749,194.48941,60.7489,120.46353,631.7164499999999,84.90705833333332,611.4668166666665,44.75254833333333,12.25239448429107,-4.296529816979286
303,1.0,65.0,1864.6467,195.06628,60.420044,119.25444,631.6189073333333,84.89783333333332,611.4788926666666,45.14635333333334,12.271844019072468,-4.277811638168524
304,1.0,66.0,1864.4255,195.03172,62.394653,118.190094,631.8742755,84.70892233333333,611.0760578333334,45.31222433333333,12.283569620902641,-4.273023609142285
305,1.0,67.0,1864.2133,194.05353,62.016357,116.80783,631.7404928333333,84.15248166666666,611.0683738333332,45.216538333333325,12.283778308720361,-4.275813258883154
306,1.0,68.0,1863.9614,192.94775,61.046265,116.03348,631.4948441666666,83.65483,611.1460891666666,44.977003333333336,12.301134608515786,-4.275584460339362
307,1.0,69.0,1863.5901,192.62952,61.81714,115.59302,631.4995566666666,83.47534333333334,610.8938433333333,44.944336666666665,12.30844498889427,-4.276563309629844
308,1.0,70.0,1863.9141,192.42633,62.072754,114.447235,631.6501589999999,83.21664916666666,610.959241,45.067570833333335,12.285930538379679,-4.265680362496633
309,1.0,71.0,1863.5828,191.73152,62.006836,114.02765,631.5287393333333,82.91511499999999,610.859794,44.905898333333326,12.269143930228033,-4.277564412857309
310,1.0,72.0,1863.764,192.53023,61.618652,115.50238,631.5244419999999,83.42714,610.9848913333333,44.92634666666666,12.265520494507598,-4.276955429367883
311,1.0,73.0,1863.9636,192.552,62.330933,115.10939,631.7096888333333,83.36889833333333,610.9327111666666,44.99910166666666,12.272727664467869,-4.2820891076021805
312,1.0,74.0,1863.3682,192.6412,61.05652,115.221725,631.29882,83.41735416666666,610.9466466666665,45.0101125,12.272325062798048,-4.281766598199878
313,1.0,75.0,1863.3948,192.44287,61.354614,114.66435,631.357369,83.25834833333333,610.905831,45.036898333333326,12.273513178744134,-4.28099060793916
314,1.0,76.0,1863.118,192.57619,61.86255,115.56802,631.3497583333333,83.45339999999999,610.7289083333333,44.930726666666665,12.27862962361845,-4.284105275325152
315,1.0,77.0,1863.1635,192.45123,60.793213,115.7601,631.1867021666667,83.44376,610.9222978333333,44.857060000000004,12.273008252900247,-4.286230109970214
316,1.0,78.0,1862.8141,192.7157,60.71924,118.357315,631.0579066666667,83.96478583333334,610.81816,44.51234749999999,12.275977113667949,-4.296288733144821
317,1.0,79.0,1862.6213,193.10617,59.754272,116.68373,630.832812,83.81601166666667,610.9147213333333,44.92143499999999,12.273237792042414,-4.284354767175147
318,1.0,80.0,1862.0516,193.09515,59.96924,115.29089,630.67874,83.58019833333333,610.6889933333333,45.149901666666665,12.279820722564892,-4.27772201206905
319,1.0,81.0,1862.0383,192.69815,60.195557,116.50026,630.7120261666666,83.64942666666667,610.6468404999999,44.81600666666666,12.28099304277795,-4.287458202703748
320,1.0,82.0,1862.2687,193.30179,59.83008,118.659485,630.7279133333334,84.21051083333333,610.7845533333333,44.65734916666666,12.276973990114085,-4.292066493189018
321,1.0,83.0,1861.76,192.83203,58.713867,118.11076,630.3723111666666,83.96247,610.8010221666666,44.59221666666667,12.27648637126969,-4.293962899253098
322,1.0,84.0,1861.8467,193.57704,57.940063,118.76175,630.2722438333333,84.319305,610.9588894999999,44.732055,12.271927804528328,-4.289869194051337
323,1.0,85.0,1861.9766,193.41222,57.62732,118.79306,630.26342,84.26958333333332,611.0543133333333,44.67189666666667,12.26915044595256,-4.291611574487497
324,1.0,86.0,1861.9014,193.26402,58.32715,119.01416,630.3549916666666,84.25703333333333,610.9126083333333,44.58564666666666,12.273248259457342,-4.294141590206382
325,1.0,87.0,1861.8344,192.76743,58.872803,118.50975,630.4236005,84.00743499999999,610.7993328333332,44.50418499999999,12.27652205471345,-4.29652878866196
326,1.0,88.0,1862.1592,191.74625,58.86841,117.645035,630.531135,83.52292249999999,610.9083316666666,44.30791083333333,12.257687622252595,-4.296680065254704
327,1.0,89.0,1861.7437,191.71985,58.302246,117.48317,630.2982743333333,83.487145,610.8641923333332,44.32608833333334,12.25897095823591,-4.296156628145986
328,1.0,90.0,1861.9307,192.29475,58.151367,117.53027,630.3354611666666,83.68662833333333,610.9516721666666,44.509871666666655,12.257182566526854,-4.296268815132079
329,1.0,91.0,1861.8804,190.97366,58.312866,116.89114,630.345611,83.13974333333333,610.9079889999999,44.17603,12.258397774383463,-4.306003693447343
330,1.0,92.0,1861.9978,191.51953,57.52295,117.40558,630.2530916666667,83.40744,611.078775,44.27224666666667,12.268459001371799,-4.3178500928664585
331,1.0,93.0,1862.5125,192.40361,55.92151,115.79343,630.1577516666666,83.43344166666665,611.5172483333333,44.83563166666666,12.259876714558034,-4.2743941346197944
332,1.0,94.0,1862.5507,191.2756,56.90332,116.7057,630.33412,83.20948333333332,611.3663466666667,44.30758333333333,12.279892104569244,-4.269000179403666
333,1.0,95.0,1862.4026,192.0167,57.695435,116.28722,630.4167725,83.38676999999998,611.1849608333332,44.62436333333333,12.285185464614793,-4.259793088388842
334,1.0,96.0,1862.4379,192.07234,57.142822,117.98868,630.3364369999999,83.68889333333333,611.2888296666666,44.35933333333333,12.282144955447007,-4.267501575255951
335,1.0,97.0,1862.3096,192.0959,57.977417,118.56848,630.4327695,83.79337999999998,611.1069638333333,44.27055333333334,12.287407021493076,-4.270108643123741
336,1.0,98.0,1862.3047,192.6377,58.197876,117.40187,630.4678793333333,83.779545,611.0685873333332,44.64558833333332,12.288561273655327,-4.259188160388264
337,1.0,99.0,1862.6053,192.1019,57.599854,117.54524,630.468409,83.62484,611.2684576666666,44.44309333333332,12.282744840833189,-4.265063952550425
338,1.0,100.0,1862.353,191.73215,58.451294,117.764145,630.5262156666666,83.53807416666666,611.042451,44.28335916666666,12.289278556520854,-4.269743006440445
339,1.0,101.0,1862.7913,191.64618,57.631348,118.66823,630.535658,83.66009833333332,611.3252086666666,44.10402166666666,12.286729253671457,-4.282152527085178
340,1.0,102.0,1865.0837,187.89647,60.433228,114.62549,631.7667713333333,81.73640499999999,611.622362,43.52790833333333,12.278069536297888,-4.298937243303781
341,1.0,103.0,1864.7551,187.67264,62.346313,113.59003,631.9760855,81.48921833333333,611.1939811666666,43.62587499999999,12.29050065489521,-4.296126464454271
342,1.0,104.0,1864.9893,187.46216,63.148315,111.80502,632.1878191666666,81.12155666666666,611.1383808333333,43.85321666666667,12.29212957385483,-4.289495908765345
343,1.0,105.0,1864.7654,188.46411,61.854126,113.278336,631.8974876666666,81.70109266666665,611.2794456666666,43.941647333333336,12.28237041543545,-4.279670064038611
344,1.0,106.0,1864.84,187.99533,61.847168,112.80208,631.9211946666666,81.46545666666665,611.305472,43.86476333333333,12.261028763071133,-4.274604483777037
345,1.0,107.0,1864.7561,186.27159,63.083862,114.44687,632.0993436666666,81.16500833333333,611.0713896666666,43.01605166666667,12.26767511008338,-4.29930147239046
346,1.0,108.0,1864.658,187.31544,62.03943,113.90781,631.8925716666665,81.423115,611.2127616666667,43.453845,12.263649832868412,-4.286559576808583
347,1.0,109.0,1864.476,187.37885,63.421875,115.77191,632.0623125,81.75493499999999,610.9216875,43.164298333333335,12.256462914793254,-4.275395770668703
348,1.0,110.0,1861.9434,188.4722,62.249634,120.81262,631.022739,82.95950333333332,610.272861,42.688629999999996,12.275169429661426,-4.289310225131044
349,1.0,111.0,1861.8622,190.15205,62.091797,119.95578,630.9693661666666,83.37664666666666,610.2721005,43.39138666666666,12.275297002007859,-4.268909348757641
350,1.0,112.0,1865.3901,189.0046,62.87732,115.531586,632.2762533333333,82.25679766666667,611.3171466666666,43.746269,12.264680883522097,-4.251357190619529
351,1.0,113.0,1865.8312,188.81552,63.74121,115.358,632.5672683333333,82.16484,611.3201983333333,43.712173333333325,12.280262888811599,-4.231696942692395
352,1.0,114.0,1865.2388,193.03683,64.87903,123.36745,632.5594383333333,84.90685166666667,610.933095,43.78436833333333,12.291454576015253,-4.229652455537467
353,1.0,115.0,1862.4424,192.14374,65.144165,122.08186,631.6714941666667,84.39489,609.9567724999999,43.700936666666664,12.314029602628912,-4.225058244308952
354,1.0,116.0,1862.802,192.02197,65.20166,123.162506,631.8009433333333,84.53440766666667,610.0670566666665,43.480239,12.326461237833758,-4.236843242283439
355,1.0,117.0,1862.7893,192.52295,64.48572,123.00563,631.6773866666666,84.67525499999999,610.1821466666665,43.67337833333333,12.323167559268715,-4.2312494218101255
356,1.0,118.0,1862.8782,192.2297,65.18921,122.06712,631.8242683333333,84.42108666666667,610.0945316666666,43.73204666666667,12.325706248151919,-4.229562471019087
357,1.0,119.0,1863.063,192.0304,64.90283,121.97621,631.8381383333333,84.33950166666665,610.2038616666666,43.680764999999994,12.322541691745268,-4.2310337557459565
358,1.0,120.0,1862.7805,192.42828,65.059204,122.17873,631.770034,84.50588166666667,610.0836326666666,43.779638333333324,12.310378313194834,-4.2227720744358805
359,1.0,121.0,1863.0208,192.69559,64.64319,121.85893,631.7807983333333,84.541685,610.2330683333332,43.92204166666667,12.30608480042772,-4.218644531382103
360,1.0,122.0,1865.373,194.68655,65.34412,126.603134,632.6816866666667,85.996039,610.9003133333333,43.794994333333335,12.286797805803495,-4.222236280498992
361,1.0,123.0,1862.7877,191.67804,63.89795,123.126755,631.5788916666667,84.41380583333333,610.279575,43.37155416666667,12.304658199929442,-4.234529631469038
362,1.0,124.0,1865.9385,188.51984,63.878906,116.78609,632.6259843333332,82.304295,611.3330156666666,43.37559833333333,12.274239060888103,-4.234293620941523
363,1.0,125.0,1863.0052,191.93875,63.790283,122.8938,631.6334471666667,84.46188333333333,610.3700195,43.49728333333333,12.305832609600113,-4.244471770508029
364,1.0,126.0,1862.8112,191.54855,63.857666,122.90524,631.580011,84.33372333333332,610.2941223333333,43.36531,12.302481229081867,-4.255434114243512
365,1.0,127.0,1865.8792,187.6482,65.02478,117.7798,632.7971966666667,82.17936666666665,611.12227,42.91943333333334,12.258976424571529,-4.275295761577448
366,1.0,128.0,1865.7122,187.79785,64.71094,116.09093,632.6892233333333,81.94777166666667,611.1189099999999,43.250795,12.259136205349675,-4.265697710935923
367,1.0,129.0,1865.6838,187.83398,65.00427,119.17314,632.7286449999999,82.47351666666665,611.060555,42.749136666666665,12.260727295667719,-4.2802387962482555
368,1.0,130.0,1862.9333,191.61285,63.79138,123.504684,631.6096633333333,84.455064,610.3458699999999,43.286836,12.261913887072073,-4.271887869221149
369,1.0,131.0,1865.9656,188.23712,64.50769,116.56874,632.7398149999999,82.17383,611.2372516666667,43.31758333333333,12.236123307266165,-4.2708499219672085
370,1.0,132.0,1862.9849,190.88419,62.82019,122.28841,631.4649983333333,84.00946499999999,610.5249349999999,43.24666166666666,12.276296742024137,-4.26591391537846
371,1.0,133.0,1862.4253,190.4878,63.889526,124.524536,631.4566876666667,84.25002266666667,610.160179,42.74184399999999,12.286739879961067,-4.28059624233163
372,1.0,134.0,1863.0149,191.77853,62.568237,124.65527,631.4330061666666,84.70205499999999,610.5769271666666,43.15029833333333,12.274776340496791,-4.268696833133731
373,1.0,135.0,1863.0518,191.68982,62.707397,124.857056,631.4684995,84.706116,610.5660338333332,43.08709733333333,12.275191925640929,-4.2849454206861495
374,1.0,136.0,1862.917,190.30798,63.179077,123.370605,631.5021794999999,83.99776083333333,610.4424871666666,42.87422583333333,12.278725043210903,-4.291158539273193
375,1.0,137.0,1863.031,189.87517,63.173218,124.45797,631.5392029999999,84.03471833333333,610.4814636666666,42.54872833333333,12.297087177758167,-4.293459865068482
376,1.0,138.0,1863.1494,189.99055,64.24512,124.767426,631.7573199999999,84.12475433333333,610.34228,42.53561233333333,12.295405855765402,-4.286610258521416
377,1.0,139.0,1863.0349,189.86905,63.58008,124.09987,631.6083133333334,83.972995,610.4149533333333,42.60637166666666,12.309047857585645,-4.26382839955401
378,1.0,140.0,1863.4141,190.17014,62.812866,123.200455,631.6068443333334,83.92345583333334,610.6692223333332,42.85663749999999,12.301758201539952,-4.256559833216034
379,1.0,141.0,1863.6396,189.79305,62.485474,122.64633,631.6274456666666,83.705405,610.7989543333333,42.82329499999999,12.318575968626035,-4.264757102614711
380,1.0,142.0,1863.8309,190.44525,62.37744,120.368546,631.6732066666666,83.54317433333333,610.8807266666665,43.42032566666666,12.316301868227516,-4.247439552313126
381,1.0,143.0,1864.2649,188.7394,60.153076,120.27347,631.447146,82.95871166666666,611.3961206666665,42.867554999999996,12.301322360148635,-4.263406011643176
382,1.0,144.0,1864.5623,190.5928,61.194946,120.82416,631.7199243333333,83.66829333333334,611.321609,43.393573333333336,12.30355483410142,-4.248164893505395
383,1.0,145.0,1864.7714,190.31017,59.7041,121.16583,631.54115,83.63102833333332,611.6397833333333,43.24241833333333,12.294335791845358,-4.25251072587286
384,1.0,146.0,1865.6467,191.77625,58.63037,119.59973,631.6539616666666,83.858705,612.110505,43.992128333333326,12.280842597632857,-4.230722588441103
385,1.0,147.0,1867.9292,188.11354,57.32556,113.930145,632.1973266666666,81.69287083333333,613.0888066666666,43.71615583333333,12.252524421240372,-4.238611670173792
386,1.0,148.0,1865.5972,191.89023,58.286133,120.97783,631.5800888333333,84.12638166666666,612.1513778333333,43.80043833333333,12.299129885286314,-4.2292090641654685
387,1.0,149.0,1868.5638,189.18636,57.336914,115.94815,632.4107523333332,82.38681166666666,613.2984476666666,43.737428333333334,12.26602377064341,-4.230901639159907
388,1.0,150.0,1868.8286,189.49341,55.405518,115.57933,632.1771196666666,82.42769166666666,613.7086136666667,43.90124833333334,12.254206701014159,-4.2261160447926756
389,1.0,151.0,1866.2202,191.42683,57.968628,121.11319,631.734838,83.994475,612.4119619999999,43.623411666666655,12.291590735384261,-4.234300539041828
390,1.0,152.0,1866.117,191.2785,57.212402,120.14424,631.5744003333333,83.78353999999999,612.5035996666666,43.73546,12.288959153099052,-4.231048788555246
391,1.0,153.0,1869.1057,188.62961,57.417847,115.67848,632.6048745,82.15628333333333,613.4655921666666,43.596790000000006,12.261184853741982,-4.234951102983261
392,1.0,154.0,1867.1627,188.94617,59.86743,120.40883,632.3654716666666,83.05019499999999,612.4096616666667,42.913918333333335,12.291577085607178,-4.254825180329217
393,1.0,155.0,1867.9406,186.8515,61.379883,119.15932,632.8768471666666,82.14371999999999,612.4168861666666,42.423946666666666,12.289589157722208,-4.235350289004464
394,1.0,156.0,1868.4076,186.57674,63.01172,120.72272,633.3044866666667,82.31269999999999,612.30058,42.07179333333333,12.292897847403756,-4.245499341130572
395,1.0,157.0,1868.6823,187.48512,62.99121,122.33793,633.3926349999999,82.884695,612.3955649999999,42.105385,12.290163419859924,-4.25569634417743
396,1.0,158.0,1868.7256,188.59167,63.11023,121.28013,633.4269049999999,83.07724499999999,612.3901616666667,42.650535,12.284866383451275,-4.247090679669704
397,1.0,159.0,1869.1897,187.41534,62.82715,119.34453,633.5344249999999,82.362535,612.5920416666665,42.58102499999999,12.279039912535914,-4.2490672197225035
398,1.0,160.0,1869.5271,188.18404,63.328125,116.48465,633.7303875,82.14212166666667,612.6210125,43.313905000000005,12.278316562449339,-4.227878845060071
399,1.0,161.0,1869.6044,188.62915,64.55786,116.94978,633.96111,82.36801333333332,612.4418233333333,43.384753333333336,12.283489542298355,-4.2258599657183975
400,1.0,162.0,1870.0613,189.48367,63.68994,119.98503,633.9687566666666,83.15872833333333,612.7387766666666,43.16371833333333,12.274901114428816,-4.232200910656858
401,1.0,163.0,1869.6985,189.51402,62.516235,119.104706,633.6522058333333,83.02212433333332,612.8134608333332,43.32055566666666,12.272773361226012,-4.227655494718879
402,1.0,164.0,1868.9652,187.58661,64.002686,120.7381,633.6555143333333,82.65188666666667,612.3212856666667,42.40585333333333,12.2868134685497,-4.254174260118654
403,1.0,165.0,1869.2587,188.97192,61.647217,121.32445,633.3607695000001,83.21138166666667,612.8116971666666,42.76989833333333,12.272740570029912,-4.243572386616542
404,1.0,166.0,1868.9738,187.95035,62.72168,121.13218,633.44488,82.83881333333332,612.5376533333333,42.46141999999999,12.280588616908652,-4.252533157861507
405,1.0,167.0,1869.0234,188.32768,62.063965,120.97599,633.3517941666667,82.93855833333333,612.6638058333333,42.613228333333325,12.292606677616632,-4.2423962685835
406,1.0,168.0,1869.0752,188.84967,61.287964,120.32977,633.2397273333333,83.00485166666667,612.810406,42.89492833333333,12.288353136794672,-4.248224133311017
407,1.0,169.0,1868.4902,189.5267,61.346558,120.85213,633.054493,83.31758833333333,612.6056403333332,43.033545000000004,12.274771273068145,-4.25133605429042
408,1.0,170.0,1868.1919,189.76346,61.108154,120.95746,632.9153256666666,83.41406333333333,612.545941,43.094910000000006,12.276505488757358,-4.24956763173164
409,1.0,171.0,1868.1608,190.21408,61.662598,120.9651,632.9973663333333,83.56554333333332,612.443167,43.24384333333333,12.279499154566269,-4.24527088880694
410,1.0,172.0,1868.1726,189.71729,61.802124,121.448044,633.024554,83.48043733333333,612.423846,42.997755999999995,12.28001021182877,-4.252391980626706
411,1.0,173.0,1868.018,190.50302,63.20581,122.45883,633.2069683333333,83.91081166666666,612.138365,43.091201666666656,12.28826540827707,-4.249721116303733
412,1.0,174.0,1867.8196,190.14276,61.109985,122.076416,632.7915308333334,83.72698933333334,612.4215358333333,43.03485066666667,12.280083873809003,-4.251319154239476
413,1.0,175.0,1867.4033,190.00829,60.654053,121.18945,632.5767754999999,83.53433833333332,612.3587578333332,43.137855,12.28191477897583,-4.248346526022269
414,1.0,176.0,1867.747,190.70221,60.216797,119.97249,632.6184661666666,83.56281833333333,612.5462004999999,43.57198833333334,12.276588059200254,-4.235766521327628
415,1.0,177.0,1867.7563,189.96648,60.169556,121.543304,632.6136926666666,83.57937733333333,612.557174,43.06494266666665,12.276175702305487,-4.2504332646959195
416,1.0,178.0,1868.0625,189.33344,61.09424,121.76523,632.8698733333333,83.40535166666666,612.5051266666667,42.816941666666665,12.29324966955279,-4.263101947592838
417,1.0,179.0,1868.2866,188.64642,61.397827,120.80846,632.9951711666665,83.01688333333334,612.5292288333333,42.74739666666666,12.292541110461611,-4.2651139772015085
418,1.0,180.0,1868.2769,188.54324,60.66211,123.54675,632.8693183333334,83.43887166666667,612.648615,42.25662166666666,12.289003710087485,-4.27931785831265
419,1.0,181.0,1868.2816,188.02245,59.583984,122.28309,632.6911973333333,83.054665,612.8298693333334,42.293634999999995,12.268233840267614,-4.258679360180958
420,1.0,182.0,1868.223,187.12001,61.36084,123.120575,632.9678066666665,82.89343249999999,612.5141933333333,41.85324083333333,12.27725952651696,-4.2714660490632985
421,1.0,183.0,1868.6624,188.11812,62.32837,120.40754,633.2755283333333,82.77396333333333,612.4994049999999,42.63811666666667,12.256683035652172,-4.261625412029943
422,1.0,184.0,1868.4111,188.6398,62.650635,119.82944,633.2454725,82.85150666666667,612.3619275,42.908359999999995,12.260713178132306,-4.253802842077476
423,1.0,185.0,1868.4943,188.74896,63.654053,118.942154,633.4404421666667,82.74001233333334,612.2224245,43.092627666666665,12.26478235126593,-4.248476424876948
424,1.0,186.0,1868.7153,189.29805,63.147583,118.52124,633.4296971666666,82.85289,612.3805028333334,43.345809999999986,12.279756006979293,-4.234075859243422
425,1.0,187.0,1869.1885,187.07748,64.067505,119.95459,633.7407508333333,82.35159166666666,612.3849158333333,42.366728333333334,12.299997057623438,-4.269729339957007
426,1.0,188.0,1869.491,186.96933,63.290405,117.475296,633.7120675,81.902326,612.6152658333333,42.743894,12.293403121175185,-4.258742968569073
427,1.0,189.0,1869.0693,187.60538,63.012817,117.38699,633.5252361666667,82.099625,612.5209638333333,42.97062833333332,12.311734645495294,-4.246428584552266
428,1.0,190.0,1868.9321,187.93579,62.288452,120.8898,633.3587753333333,82.79356333333332,612.595958,42.49696333333333,12.30949883727764,-4.260149061690553
429,1.0,191.0,1868.6267,186.80836,62.99597,122.76154,633.3748949999999,82.72970999999998,612.3762383333333,41.809196666666665,12.325630354689988,-4.29240466538566
430,1.0,192.0,1868.8895,188.26772,59.744385,122.86729,632.9205641666666,83.23378833333334,613.0057691666666,42.278025,12.307555541332395,-4.278761958376109
431,1.0,193.0,1868.9491,187.51617,60.421875,120.52107,633.0533458333333,82.59223499999999,612.9127208333333,42.418544999999995,12.294649414878313,-4.269205530249467
432,1.0,194.0,1868.8157,188.74606,60.236206,121.17641,632.9779343333333,83.11142166666667,612.899199,42.71928499999999,12.300743621072023,-4.267684747052885
433,1.0,195.0,1869.6198,191.09889,59.229492,122.40738,633.078182,84.10086,613.335018,43.2984,12.288248824375744,-4.250846318466779
434,1.0,196.0,1869.4307,190.3742,60.240234,120.78552,633.1836056666666,83.58898666666667,613.1035276666667,43.327146666666664,12.279244133502466,-4.2707614715438
435,1.0,197.0,1869.9023,191.86363,61.915283,119.374695,633.6199804999999,83.85032583333333,612.9815528333334,44.05876083333334,12.277246014329224,-4.2423856170277805
436,1.0,198.0,1869.7727,192.45865,60.89868,120.51201,633.4073466666666,84.23821833333332,613.1077866666667,44.067548333333335,12.273604929557179,-4.242110583740633
437,1.0,199.0,1870.3572,192.28175,62.007202,120.88669,633.7869336666665,84.24169833333332,613.1178663333333,43.946135,12.273291118279191,-4.245625908082519
438,1.0,200.0,1870.6646,191.74951,62.074585,120.60741,633.9006308333333,84.01773833333333,613.2091025,43.81526833333332,12.291179009930001,-4.256675853521172
439,1.0,201.0,1870.4226,192.81438,62.823853,120.58475,633.9448421666666,84.36891833333333,613.0035578333334,44.17400166666667,12.297174239776766,-4.246295532307763
440,1.0,202.0,1871.0505,193.33554,63.41858,121.12532,634.2532633333333,84.63273333333333,613.1137366666667,44.25762666666667,12.294001962038068,-4.243850001865331
441,1.0,203.0,1870.9434,193.08948,63.57898,121.90036,634.2442966666667,84.67988666666668,613.0513033333333,44.046433333333326,12.290257037122975,-4.2571204437281445
442,1.0,204.0,1871.6283,192.9202,63.402832,123.538605,634.4432386666667,84.89650083333333,613.3089613333333,43.716965833333326,12.282744139405839,-4.266663173690517
443,1.0,205.0,1871.551,192.54968,64.909424,123.59834,634.6685706666666,84.78295,613.0320959999999,43.583503333333326,12.310215695425397,-4.263493891501544
444,1.0,206.0,1871.732,193.2706,63.8313,121.59453,634.5492166666666,84.68928833333334,613.2721166666666,44.157778333333326,12.3033720589724,-4.246784059543506
445,1.0,207.0,1871.6721,191.91957,65.3844,122.22427,634.7881,84.34390166666665,612.9933,43.60247833333333,12.32128571649022,-4.250017790037373
446,1.0,208.0,1871.581,192.07997,63.599854,122.91092,634.4603089999999,84.51181,613.2603576666666,43.541503333333324,12.31356843466057,-4.251742013673798
447,1.0,209.0,1872.2118,192.17627,64.141846,121.91048,634.7609076666666,84.37716999999999,613.3802923333333,43.74034333333333,12.325689314276776,-4.265432940222113
448,1.0,210.0,1872.7487,191.75653,62.614014,121.22548,634.6852356666666,84.12308999999999,613.8138976666667,43.714596666666665,12.303205448108033,-4.267830359084988
449,1.0,211.0,1871.9893,192.12598,63.628784,119.701035,634.6012306666667,83.99216583333333,613.391636,44.09182083333333,12.315451927829814,-4.256942438014976
450,1.0,212.0,1872.1943,192.0124,61.681274,120.19803,634.344979,84.03713833333333,613.7845543333333,43.97112833333333,12.304090936941153,-4.260396693526605
451,1.0,213.0,1871.2134,191.72017,62.140503,122.34531,634.0945505,84.29760833333333,613.3810495,43.515838333333335,12.315671392532439,-4.273641671351122
452,1.0,214.0,1871.8177,192.0253,64.713135,123.23891,634.7247558333333,84.54825166666666,613.1537108333333,43.468615,12.322227236385656,-4.275036531590796
453,1.0,215.0,1872.1913,191.69678,62.905518,120.33783,634.5480196666666,83.95523166666666,613.5795136666666,43.84262166666666,12.309990922234991,-4.2641454794941405
454,1.0,216.0,1871.7883,192.88417,64.23706,120.01904,634.6356099999999,84.29789666666667,613.2232566666667,44.29155,12.335874346475098,-4.245428709167353
455,1.0,217.0,1871.7737,192.74545,62.065063,120.55815,634.2687438333332,84.34150833333334,613.5803894999999,44.15545833333333,12.32000151636437,-4.256483685299636
456,1.0,218.0,1871.7654,191.87169,63.688843,118.490295,634.5366071666666,83.7056125,613.3069928333333,44.2088475,12.327906932189041,-4.25496211799258
457,1.0,219.0,1871.7812,191.52914,62.63855,117.899506,634.366825,83.49296433333333,613.4873083333332,44.193129,12.322696649328767,-4.2554000628053466
458,1.0,220.0,1871.8044,192.71951,62.84912,119.17932,634.4096533333333,84.10305666666667,613.4599466666666,44.37661666666666,12.323521035958043,-4.250079150431112
459,1.0,221.0,1871.6499,191.97556,63.14795,119.18614,634.4079583333332,83.85620999999999,613.3586416666666,44.12749666666667,12.30590788190895,-4.2501130573316255
460,1.0,222.0,1871.9066,191.6331,63.049805,119.17282,634.4771675,83.73983666666666,613.4605658333332,44.01556333333333,12.30849206811012,-4.246199628233947
461,1.0,223.0,1871.7786,191.87152,61.717896,116.51381,634.212516,83.37614166666665,613.6398839999999,44.538205000000005,12.303422989912313,-4.231082933536712
462,1.0,224.0,1872.0646,191.35126,62.832275,118.13617,634.4935791666667,83.47311499999999,613.5494874999999,44.09439166666667,12.325410916653684,-4.23682886925325
463,1.0,225.0,1871.8062,190.62341,65.43347,118.15956,634.8409783333333,83.23439666666667,613.0298216666666,43.847876666666664,12.340323712406335,-4.24398669786841
464,1.0,226.0,1872.282,191.95024,62.288086,120.3273,634.4753476666666,84.03796333333332,613.7126523333333,43.92886333333334,12.320691831616134,-4.241584411299165
465,1.0,227.0,1871.4327,192.11554,62.36206,119.224,634.2045766666666,83.90917999999999,613.4172233333334,44.16784666666667,12.329227094218364,-4.234724487459571
466,1.0,228.0,1871.231,190.43034,64.01514,117.91278,634.4128566666666,83.12890999999999,613.0744766666667,43.82465,12.339035543766173,-4.244651829007628
467,1.0,229.0,1870.5613,190.64635,61.49414,118.01843,633.7694566666667,83.21852166666667,613.2714100000001,43.879045,12.333378280689587,-4.243064264784354
468,1.0,230.0,1870.2375,189.57738,64.45715,118.97717,634.1553583333333,83.02198833333333,612.6696416666666,43.36293166666667,12.350612185641562,-4.258001869581656
469,1.0,231.0,1870.1072,190.9704,63.660645,122.68758,633.9791741666666,84.10472999999999,612.7589591666666,43.208870000000005,12.34801937922433,-4.262434160847898
470,1.0,232.0,1869.2996,191.69568,65.608154,127.25075,634.034559,85.10701833333333,612.1651743333333,42.69010166666667,12.359461823411865,-4.2846591297140355
471,1.0,233.0,1869.1313,191.40402,65.03577,125.30388,633.8830616666667,84.68531999999999,612.2044716666667,42.91736,12.35837347810421,-4.27808993735113
472,1.0,234.0,1867.8955,192.29208,63.13257,123.87639,633.1539283333334,84.743425,612.1097383333333,43.451294999999995,12.34570002497135,-4.243328684700591
473,1.0,235.0,1866.9937,194.24179,60.771606,125.13866,632.4598343333332,85.60370666666667,612.2026323333333,43.89082,12.343108606351613,-4.230633968484513
474,1.0,236.0,1866.9017,193.05255,62.529053,121.88283,632.7220755,84.664655,611.8790578333333,44.03704499999999,12.331971128555596,-4.219299063309633
475,1.0,237.0,1866.4929,192.20813,61.134155,121.82945,632.3533258333333,84.374285,611.9752741666666,43.76446833333333,12.329144602819648,-4.227132329870455
476,1.0,238.0,1865.7043,192.87051,62.706665,122.73491,632.3525441666667,84.74598833333333,611.4503225,43.83435166666666,12.344245293756686,-4.225197697473077
477,1.0,239.0,1865.645,193.56488,64.00012,122.66647,632.5483533333334,84.96603833333333,611.21498,44.077214999999995,12.351062950850341,-4.2182403888309965
478,1.0,240.0,1865.1318,194.3772,62.745117,122.521774,632.1681195,85.21269566666666,611.2530805,44.372104333333326,12.344573720786482,-4.216783519351341
479,1.0,241.0,1864.5862,193.36047,64.55713,123.382095,632.2882549999999,85.01717249999999,610.7692116666666,43.889807499999996,12.358357609056242,-4.2307698888954794
480,1.0,242.0,1864.2219,190.99321,64.55676,118.46356,632.16676,83.40832999999999,610.64784,43.92047666666667,12.367453034876725,-4.236995982993986
481,1.0,243.0,1863.5415,188.54388,62.718384,109.689606,631.633564,81.129561,610.727436,44.56635899999999,12.365308223150741,-4.218309838981954
482,1.0,244.0,1862.7126,186.34653,64.93176,108.71608,631.7261599999999,80.23485666666666,610.08224,43.996163333333335,12.383737807657928,-4.23489143588564
483,1.0,245.0,1862.1589,182.42755,65.924194,99.603745,631.706999,77.4098075,609.7322676666665,44.20855916666666,12.393851177920002,-4.228802317585087
484,1.0,246.0,1862.5496,179.89838,65.01782,99.84357,631.68617,76.60672166666666,610.0135633333333,43.32553166666666,12.385563087963101,-4.254291598842119
485,1.0,247.0,1862.4634,179.66898,70.36047,100.21486,632.5478783333333,76.59213666666666,609.0943883333333,43.18718333333334,12.411969404728465,-4.25842771263474
486,1.0,248.0,1862.6804,177.85239,70.696655,97.98299,632.6762425,75.61462833333333,609.1106908333333,42.95363166666667,12.411448317758632,-4.265177998653866
487,1.0,249.0,1863.1292,177.51971,72.1593,94.085175,633.0696166666667,74.85409916666666,609.0165166666667,43.492374166666664,0.0,0.0
488,2.0,0.0,605.51355,1291.5923,77.38458,65.11487,214.73528,441.383245,188.94042000000002,419.67828833333334,24.6272380799456,6.524742376268232
489,2.0,1.0,611.1769,1294.67,75.514465,54.86084,216.3113775,440.70014,191.13988916666668,422.41319333333337,24.545921427612544,6.607765680221141
490,2.0,2.0,510.95236,1346.1774,45.266785,75.28882,177.8619175,461.2739366666667,162.77298916666666,436.17766333333327,25.36479920787457,7.001393279840852
491,2.0,3.0,512.89417,1339.1069,52.74872,79.3584,179.75617666666668,459.5953666666667,162.17327,433.14256666666665,25.382174861348325,6.913346353980769
492,2.0,4.0,616.93475,1305.5354,73.70911,50.357056,217.92976833333333,443.57130933333326,193.360065,426.785624,24.481755658204865,6.734913542488564
493,2.0,5.0,617.5993,1307.2252,75.9176,57.928467,218.51936666666666,445.3964778333334,193.21349999999998,426.0869888333333,24.474412028616463,6.711520110180615
494,2.0,6.0,616.3289,1310.4137,75.96277,63.682617,218.10342833333334,447.4183361666667,192.78250499999996,426.1907971666667,24.486860907138798,6.714450081020802
495,2.0,7.0,612.88086,1309.8665,80.99292,61.639526,217.79243999999997,446.895421,190.7948,426.3489123333334,24.544250594937534,6.718666701477249
496,2.0,8.0,617.3994,1312.4626,82.02985,67.954956,219.47144166666664,448.8133593333333,192.12815833333335,426.1617073333333,24.5053870098398,6.710283930972245
497,2.0,9.0,601.5117,1295.1777,104.28778,89.709595,217.88519666666667,446.6774991666666,183.1226033333333,416.7743008333333,24.76455191668846,6.436383478900019
498,2.0,11.0,634.72046,1317.0955,41.262634,57.91101,218.4505923333333,448.68366833333323,204.696381,429.37999833333333,24.143146336468494,6.809118344539827
499,2.0,16.0,619.22095,1335.8567,49.486145,85.647095,214.65467416666667,459.56008249999996,198.1592925,431.01105083333334,24.331984373010595,6.855191687016677
500,2.0,17.0,617.73987,1338.002,44.347656,88.29675,213.30456599999997,460.7167916666666,198.522014,431.28454166666666,24.321271488836974,6.860029058966067
501,2.0,19.0,592.6997,1364.8298,38.070435,38.543213,203.91163916666667,461.36713549999996,191.22149416666664,448.5193978333333,24.533142158050566,7.358391521625694
502,2.0,20.0,648.7401,1304.7188,57.667908,71.2887,225.85801799999996,446.7877166666667,206.635382,423.02481666666665,24.086541151998773,6.621985326653011
503,2.0,21.0,648.8893,1318.5416,56.71808,61.037598,225.7494466666667,449.6867996666666,206.84341999999998,429.3409336666667,24.081006853693477,6.8052082125770434
504,2.0,22.0,653.3839,1310.7861,54.84253,58.625366,226.93505499999998,446.6995943333334,208.6542116666667,427.1578056666666,24.028588112969842,6.742228352367955
505,2.0,24.0,659.2402,1307.9165,45.246826,58.310913,227.287871,445.6906521666666,212.20559566666662,426.2536811666667,23.943809567841413,6.713370619519655
506,2.0,25.0,680.8727,1293.9517,75.04053,79.10779,239.46432166666665,444.501865,214.45081166666665,418.1326016666667,23.877727382317445,6.478175782862759
507,2.0,26.0,684.4279,1292.9393,76.09424,79.588135,240.82500666666664,444.2444558333333,215.46026,417.7150775,23.84850841438338,6.4662473894874655
508,2.0,27.0,679.5955,1296.1365,52.397827,68.81287,235.2648045,443.5143116666667,217.79886216666665,420.5766883333333,23.781399682423817,6.5497016547454185
509,2.0,28.0,684.6095,1295.717,70.717896,71.0791,239.98948266666667,443.75218333333333,216.41685066666665,420.05915000000005,23.82126337960128,6.537680370556219
510,2.0,31.0,724.6387,1290.148,96.00543,78.98865,257.5471383333333,443.21410833333323,225.54532833333332,416.8845583333333,23.54091286277181,6.459206340945083
511,2.0,32.0,729.46704,1280.0327,69.76483,63.590454,254.78315166666667,437.2759756666667,231.5282083333333,416.0791576666666,23.368372124733657,6.440187980265988
512,2.0,33.0,733.588,1283.7722,73.41754,71.33191,256.76559,439.81271833333335,232.29307666666665,416.03541500000006,23.329984300380197,6.439108630901767
513,2.0,34.0,737.7625,1273.2097,83.6012,84.81531,259.8543666666667,438.53911833333336,231.9873,410.26734833333336,23.338759228521777,6.272176150348675
514,2.0,35.0,744.5885,1261.6874,100.5022,109.72241,264.94653333333326,438.84953499999995,231.4458,402.2753983333333,23.36859477422736,6.040971212062983
515,2.0,36.0,755.60913,1262.6658,103.858765,109.02881,269.1795041666667,439.0600683333333,234.55991583333335,402.71713166666666,23.26597954144665,6.051075466176256
516,2.0,37.0,761.21155,1265.72,99.194824,81.48425,270.26965399999995,435.487375,237.20471266666667,408.32595833333335,23.190491193394276,6.213865775639316
517,2.0,38.0,764.89197,1264.6583,95.61334,80.77759,270.89954666666665,435.0156983333334,239.0284333333333,408.089835,23.137797781656833,6.20736331859808
518,2.0,39.0,764.8826,1260.2688,89.06079,73.37634,269.80433166666666,432.31899,240.11740166666667,407.86021000000005,23.10631928245945,6.200915629609372
519,2.0,40.0,763.9337,1254.6553,84.3642,71.21716,268.70526666666666,430.08795999999995,240.58386666666667,406.3489066666666,23.092159987699326,6.1539542223281485
520,2.0,41.0,763.33514,1251.0029,83.54944,67.00354,268.36995333333334,428.16822333333334,240.52014,405.83370999999994,23.094295803401156,6.135708592864232
521,2.0,42.0,764.42664,1247.5203,88.12189,69.66211,269.49586166666666,427.45045166666665,240.12189833333335,404.22974833333325,23.089972627303233,6.092607703333111
522,2.0,43.0,767.90497,1245.7676,104.70264,75.587524,273.41876333333335,427.8537873333333,238.51788333333334,402.6579459999999,23.13455082034125,6.062364437570351
523,2.0,44.0,765.1579,1244.5168,92.9762,74.70874,270.5486666666667,427.29039,239.5566,402.38747666666666,23.104104700635897,6.058007739046645
524,2.0,45.0,765.2501,1236.5629,98.240906,86.18921,271.456851,426.5525016666666,238.70988233333333,397.82276499999995,23.12824635411433,5.925420352201589
525,2.0,46.0,762.55664,1227.5363,93.09772,90.64502,269.7018333333333,424.28626999999994,238.66926,394.0712633333333,23.12911940224972,5.816553387248055
526,2.0,47.0,763.8999,1216.4084,92.24066,94.1543,270.0067433333333,421.16185,239.25985666666668,389.7770833333333,23.111675095505262,5.692033633261642
527,2.0,48.0,764.6731,1211.8666,90.48578,100.58911,269.97199666666666,420.72038499999996,239.81007,387.1906816666667,23.097274562360727,5.617510881109188
528,2.0,49.0,766.70245,1210.898,84.928955,92.96643,269.72230916666666,419.1270716666666,241.41265749999997,388.1382616666666,23.051071543292643,5.645298127216652
529,2.0,50.0,766.128,1209.6846,82.39673,86.5083,269.10878833333334,417.64625,241.64321166666667,388.81015,23.044468021910824,5.664839548793491
530,2.0,51.0,762.19543,1207.1692,86.17743,83.40259,268.4280483333333,416.290165,239.70223833333333,388.4893016666666,23.10049338530093,5.655181654946292
531,2.0,52.0,762.6157,1209.4548,91.94855,95.50122,269.52999166666666,419.06847,238.88047499999996,387.23472999999996,23.109751816980033,5.622052138349177
532,2.0,53.0,756.7881,1210.7659,100.51837,102.66589,269.01576166666666,420.69961500000005,235.50963833333333,386.47765166666665,23.20702998088528,5.599480471287913
533,2.0,54.0,756.8916,1216.484,104.71527,110.12915,269.74974499999996,423.84952499999997,234.84465500000002,387.13980833333324,23.22622454977128,5.6185796593811315
534,2.0,55.0,752.1228,1230.3525,96.638,92.72644,266.8139333333333,425.5719066666666,234.60126666666667,394.66309333333334,23.233287835008834,5.836862046927917
535,2.0,56.0,745.8606,1242.5845,90.344604,81.0564,263.67763399999995,427.70423333333326,233.562766,400.6854333333333,23.263285313049284,6.011420047598434
536,2.0,57.0,741.92444,1250.5737,96.718445,71.837524,263.4278875,428.8308206666666,231.18840583333332,404.88497933333326,23.33181407906875,6.132832024904196
537,2.0,58.0,736.819,1257.4114,98.60358,72.18506,262.0402633333333,431.1679766666666,229.1724033333333,407.10629,23.38998893877958,6.1969083652233
538,2.0,59.0,734.34485,1266.7197,89.57843,75.83301,259.71135499999997,434.878735,229.8518783333333,409.60106500000006,23.358177819405984,6.249686253016586
539,2.0,60.0,730.0471,1274.2114,101.800964,88.50037,260.31586066666665,439.487195,226.382206,409.98707166666657,23.474492320614505,6.256849281206186
540,2.0,61.0,730.63007,1283.214,98.66443,97.9397,259.98742833333336,444.0612833333333,227.099285,411.41471666666666,23.454021013794843,6.2982961741696455
541,2.0,62.0,728.8016,1282.5437,100.80347,116.44873,259.734445,446.9226883333333,226.13328833333333,408.10644499999995,23.465286618125074,6.205763231495651
542,2.0,63.0,711.2875,1308.5793,63.708435,65.950806,247.71390583333334,447.18490099999997,226.47776083333332,425.20129900000006,23.456535448523574,6.703644439670916
543,2.0,64.0,707.9243,1321.9944,59.57245,70.877075,245.90350833333332,452.4776458333333,226.04602500000001,428.8519541666667,23.46927763009106,6.809147016517788
544,2.0,65.0,701.7765,1339.8762,60.160645,72.99573,243.95227416666665,458.79135499999995,223.89872583333334,434.45944499999996,23.531763984579243,6.967788001323595
545,2.0,66.0,697.84985,1346.8628,68.71051,87.38269,244.06836833333332,463.51804833333335,221.16486499999996,434.390485,23.61057124242013,6.965285390063656
546,2.0,67.0,703.3195,1349.8346,82.68201,95.89038,248.2201683333333,465.92659666666657,220.65949833333332,433.9631366666666,23.62510690694665,6.952830055559778
547,2.0,68.0,726.01514,1343.7783,49.970947,65.53821,250.3335378333333,458.849135,233.67655549999998,437.00306499999994,23.25030032879389,7.0400915402808435
548,2.0,69.0,697.58417,1370.5759,95.322754,96.253296,248.41518233333332,472.9008493333333,216.64093099999997,440.81641733333333,23.741485127855523,7.147253679538298
549,2.0,70.0,695.1926,1374.9164,92.97455,86.131836,247.22662499999996,472.6607726666667,216.23510833333333,443.95016066666665,23.743617490740387,7.234908974653876
550,2.0,71.0,695.8997,1383.8234,76.572876,90.916016,244.72871266666667,476.427136,219.2044206666667,446.1217973333333,23.658385290312435,7.30131451871793
551,2.0,72.0,682.0513,1405.344,87.105286,97.497925,241.867981,484.69765416666667,212.83288566666664,452.1983458333333,23.842879033072858,7.475916153908838
552,2.0,74.0,679.7554,1430.8933,102.46887,95.8407,243.66327833333332,492.93788333333333,209.50698833333334,460.99098333333325,23.91960860183936,7.732560510066924
553,2.0,75.0,669.8558,1431.8798,120.21887,84.14111,243.321745,491.316785,203.24878833333335,463.26974833333327,24.099904621737362,7.7972540485449695
554,2.0,76.0,639.43225,1451.1396,135.9964,86.20813,235.81014999999996,498.08122166666664,190.47801666666663,469.3451783333333,24.467865809352922,7.9704503071243495
555,2.0,77.0,685.7291,1439.0435,93.006775,78.91785,244.07749583333333,492.8341416666666,213.0752375,466.52819166666666,23.817317240681486,7.893340774950842
556,2.0,78.0,692.93225,1438.5911,80.35986,67.612305,244.37072666666666,490.7990841666667,217.58410666666663,468.26164916666664,23.687662369759725,7.944323351902738
557,2.0,79.0,696.1063,1449.5876,76.86481,74.591675,244.846235,495.6278125,219.22463166666665,470.7639208333333,23.640630823159036,8.016985100426117
558,2.0,80.0,688.052,1452.5107,84.62286,74.47803,243.45447666666666,496.5832383333334,215.24685666666667,471.7572283333333,23.755205920048933,8.044938513088614
559,2.0,81.0,678.90204,1457.2517,82.463745,76.45715,240.04463750000002,498.493425,212.5567225,473.0077083333333,23.83273164714905,8.08057292618542
560,2.0,82.0,674.47766,1462.3862,88.706665,84.15808,239.6103308333333,501.4884133333333,210.04144250000002,473.43571999999995,23.90515916274452,8.092462242428335
561,2.0,84.0,669.1963,1469.7861,113.76532,85.684814,242.02631999999997,504.2095023333334,204.10454666666664,475.6478976666666,24.07619026659579,8.15526830319932
562,2.0,85.0,650.19836,1478.4517,98.48822,72.66467,233.14748999999998,504.9280116666667,200.31808333333333,480.706455,24.185529205925587,8.300759813965954
563,2.0,86.0,657.82355,1480.251,116.94165,63.992065,238.76479166666664,504.08234416666664,199.78424166666665,482.7516558333333,24.20104098141464,8.359771806517763
564,2.0,87.0,658.2532,1484.4731,109.23047,66.910034,237.62281166666665,505.97603899999996,201.21265499999998,483.6726943333333,24.160003897377976,8.386671232425053
565,2.0,88.0,639.82263,1489.411,75.07965,68.63086,225.78748499999998,507.90881,200.76093500000002,485.0318566666666,24.174190175339053,8.426227331384396
566,2.0,89.0,642.4547,1490.6812,72.848755,81.81726,226.29302583333333,510.5299433333333,202.0101075,483.2575233333333,24.13801418163669,8.375149037757142
567,2.0,90.0,640.72125,1490.1338,72.6781,88.4093,225.6867666666667,511.44615,201.46073333333334,481.9763833333334,24.123532992669382,8.337879712737925
568,2.0,91.0,635.82495,1490.7971,71.00812,91.76111,223.77633666666662,512.225885,200.1069633333333,481.6388483333333,24.162418446918938,8.327860814780971
569,2.0,92.0,636.3229,1490.1978,83.05939,102.24097,225.95086499999996,513.7727616666666,198.26440166666669,479.6924383333333,24.222053263802838,8.276158239285287
570,2.0,94.0,621.77295,1489.9435,72.70996,85.96289,219.37597666666665,510.9749816666666,195.13932333333335,482.320685,24.311642409452528,8.355888148181345
571,2.0,95.0,640.8781,1504.5801,117.218994,80.280396,233.16253233333333,514.906766,194.08953433333332,488.14663399999995,24.341754435633575,8.523518655757572
572,2.0,96.0,620.904,1502.5715,80.3584,76.46008,220.36106666666666,513.6005133333333,193.57493333333332,488.11382000000003,24.356530139920427,8.522473457994959
573,2.0,97.0,613.44714,1502.3855,68.00049,74.92346,215.81579499999998,513.28241,193.148965,488.30792333333335,24.368759598373696,8.52798207937087
574,2.0,98.0,609.53033,1503.8724,51.03174,66.94263,211.68206666666666,512.447905,194.67148666666668,490.133695,24.32503434235278,8.580870627229583
575,2.0,99.0,611.40625,1508.0215,69.049805,58.698853,215.31038416666667,512.4569755,192.29378249999996,492.89069116666667,24.39328617907886,8.659820715036982
576,2.0,100.0,614.4169,1505.8796,79.0188,49.302612,217.97543333333334,510.17696866666665,191.63583333333332,493.74276466666663,24.412171013029415,8.68423461008855
577,2.0,101.0,633.55774,1502.7307,91.75598,73.73108,226.47857666666664,513.1987466666667,195.89325,488.62172,24.267170909745992,8.540004113064713
578,2.0,102.0,609.49695,1502.4424,64.75122,73.427124,213.95752,513.0519873333333,192.37377999999995,488.57627933333333,24.368136636176864,8.538013261493726
579,2.0,103.0,609.87415,1497.8921,66.72833,80.90845,214.41277166666663,512.7821083333333,192.169995,485.812625,24.37421245743281,8.458413802957997
580,2.0,104.0,608.152,1496.2991,78.430115,85.7406,215.7890191666667,513.0564666666667,189.6456475,484.4762666666666,24.446739800747608,8.41945293751899
581,2.0,105.0,598.6238,1491.7455,77.18317,93.07739,212.40512833333332,512.7613983333333,186.67740499999996,481.73560166666664,24.55461500744392,8.33739817906473
582,2.0,106.0,590.6434,1479.8818,81.58899,87.75098,210.47929833333333,507.91909666666663,183.28296833333334,478.66877000000005,24.644679231098277,8.245948753094263
583,2.0,107.0,590.6118,1476.9554,87.32367,84.66797,211.424545,506.429795,182.316655,478.2071383333333,24.672381854005213,8.232455339118268
584,2.0,108.0,588.8806,1473.2375,97.231384,75.52429,212.49876399999997,503.66654833333325,180.08830266666666,478.491785,24.736357918107544,8.24023171600233
585,2.0,109.0,580.73914,1467.7236,92.568054,74.026,209.00772233333333,501.5788666666666,178.15170433333333,476.90353333333337,24.7946535359417,8.19373897833575
586,2.0,110.0,581.2522,1458.5608,95.779236,70.17822,209.71393933333334,497.8833033333333,177.78752733333332,474.49056333333334,24.804968852504082,8.12409896772795
587,2.0,111.0,571.0653,1449.1816,91.47125,69.763306,205.60030833333332,494.68775099999993,175.10989166666664,471.43331566666666,24.881829629964006,8.035417029826299
588,2.0,112.0,568.7055,1439.1587,114.539764,61.114258,208.65846066666668,489.9052763333333,170.47853933333334,469.53385699999995,25.01457016755671,7.977073561821652
589,2.0,113.0,565.9391,1428.2107,120.17804,66.10486,208.67604,487.08771,168.61669333333333,465.0527566666667,25.064246226841885,7.856088057147159
590,2.0,114.0,562.0745,1419.2341,110.33896,74.3009,205.7479933333333,485.4615166666666,168.96833999999996,460.69454999999994,25.053847630402927,7.730773002079232
591,2.0,115.0,558.10925,1412.1399,108.76117,63.000366,204.16327833333332,481.21336099999996,167.90955499999998,460.21323899999993,25.1054817430598,7.713805282002142
592,2.0,116.0,555.67755,1397.7996,95.77942,75.26709,201.18908666666667,478.477715,169.26261333333332,453.388685,25.061993580257322,7.516562743525383
593,2.0,117.0,552.6797,1387.5667,105.924286,73.675415,201.8806143333333,474.8014691666667,166.572519,450.2429975,25.138533557106502,7.425465953070607
594,2.0,118.0,547.8612,1379.623,108.72095,77.50806,200.74055833333333,472.79234333333335,164.50024166666668,446.95632333333333,25.197362742539294,7.3304462697022
595,2.0,119.0,537.69946,1355.72,86.88992,96.052124,193.71480666666668,467.915354,164.75150000000002,435.89797933333335,25.18850917572269,7.012264849867838
596,2.0,120.0,540.5795,1347.9648,111.3512,110.77258,198.75170000000003,467.78369666666663,161.63463333333334,430.85950333333335,25.28122086881262,6.867763243614253
597,2.0,121.0,528.5409,1341.507,97.89191,94.6272,192.4956183333333,462.9402,159.86498166666664,431.3978,25.33210861491254,6.8829312492298085
598,2.0,122.0,521.9493,1335.9003,97.07117,82.25586,190.1616283333333,459.00941,157.80457166666667,431.59078999999997,25.391290553851924,6.8881071011791
599,2.0,123.0,514.94147,1334.351,98.37833,82.407715,188.043545,458.5182858333333,155.25076833333333,431.04904750000003,25.4645246143992,6.872045955254966
600,2.0,124.0,508.58636,1332.1882,100.68335,75.67273,186.309345,456.67485500000004,152.74822833333332,431.45061166666665,25.53642677113793,6.88314339513953
601,2.0,125.0,504.55212,1326.7513,99.52377,75.12671,184.77133499999997,454.7715516666666,151.596745,429.72931499999993,25.573393633923267,6.818528244505938
602,2.0,127.0,491.54932,1305.8875,94.21188,63.30066,179.55175333333332,445.8459433333333,148.14779333333334,424.74572333333333,25.67143655031577,6.680342808994642
603,2.0,128.0,479.72046,1298.8379,82.891754,72.33789,173.7221123333333,445.0022816666666,146.09152766666665,420.8896516666667,25.730040034295584,6.568676390325456
604,2.0,129.0,472.45514,1287.3268,89.52774,88.24585,172.40633666666668,443.81657499999994,142.56375666666665,414.4012916666667,25.830601413127663,6.380766312638791
605,2.0,130.0,470.18326,1277.9932,79.3006,87.76477,169.94452,440.6251949999999,143.51098666666667,411.37027166666667,25.803999968182765,6.2967536157961685
606,2.0,131.0,467.93436,1269.4198,86.61603,100.90527,170.414125,439.9574783333333,141.542115,406.32238833333327,25.859982915294097,6.150730875281655
607,2.0,132.0,463.01303,1262.238,78.73901,109.39526,167.460845,438.9785433333333,141.21450833333333,402.5134566666667,25.867702241306787,6.037466356418246
608,2.0,133.0,458.05347,1259.3594,81.132385,105.65173,166.20655416666665,437.3950883333333,139.16242583333332,402.177845,25.92669815869418,6.027382551414778
609,2.0,134.0,454.48022,1258.0394,84.99344,104.489746,165.65897999999999,436.7614243333333,137.32783333333333,401.9315089999999,25.97944860601564,6.01991735710322
610,2.0,135.0,445.82053,1245.8497,80.80737,82.12793,162.07473833333333,428.9712216666667,135.13894833333333,401.595245,26.0237152708721,6.016511575462498
611,2.0,136.0,433.28635,1234.1538,76.42474,61.17639,157.16624000000002,421.580665,131.69132666666667,401.188535,26.122762824740793,6.004108757294052
612,2.0,137.0,424.99557,1223.4963,80.19855,50.90149,155.031615,416.3156816666667,128.298765,399.3485183333333,26.218743916927515,5.947057927818153
613,2.0,143.0,411.75726,1152.6428,126.129456,129.505,158.27399599999998,405.7984333333334,116.23084399999999,362.63009999999997,26.587066019946082,4.902736373129966
614,2.0,146.0,396.36542,1099.897,98.06546,64.81433,148.46605,377.43472166666663,115.77756333333332,355.82994499999995,26.59967085656125,4.706930040667954
615,2.0,147.0,403.22598,1095.4805,97.76221,85.563354,150.70236166666666,379.4207256666666,118.11495833333333,350.8996076666666,26.53238389001725,4.565403895438822
616,2.0,148.0,399.16748,1075.3041,100.15781,86.29761,149.748795,372.817635,116.36285833333332,344.051765,26.580113455382552,4.364777783271355
617,2.0,149.0,391.0144,1059.5996,109.917114,90.311035,148.65765233333332,368.25170583333335,112.01861433333335,338.1480275,26.70416818585121,4.194133488817529
618,2.0,150.0,393.08887,1036.3982,97.28714,82.04938,147.24414666666667,359.14096333333333,114.81509999999999,331.79117,26.623641171085453,4.0116295956274035
619,2.0,151.0,385.1007,1018.97845,108.59238,85.08508,146.46563,353.84033,110.26817,325.4786366666666,26.753478520095637,3.829183207235131
620,2.0,152.0,363.79712,1003.3937,147.16196,99.26416,145.7927,351.0085933333333,96.73871333333332,317.92053999999996,27.14052083316585,3.60942645849842
621,2.0,155.0,388.8977,958.3473,147.28531,127.54834,154.18011833333333,340.70715666666666,105.085015,298.1910433333333,26.91564432638789,3.0346976993201205
622,2.0,156.0,392.42752,943.5491,130.9325,128.48108,152.63125666666667,335.92987999999997,108.98709,293.1028533333333,26.802741798807634,2.8890493210579002
623,2.0,157.0,370.99677,908.37524,82.074005,64.30536,137.34459083333334,313.50930666666665,109.98658916666666,292.0741866666666,26.773884821195292,2.867167719137144
624,2.0,158.0,379.87982,894.5799,103.411285,55.68457,143.86182083333333,307.4740616666666,109.3913925,288.9125383333333,26.789608872139866,2.778402762421885
625,2.0,159.0,381.78943,881.11566,119.37375,71.11963,147.1587683333333,305.55849166666667,107.36751833333332,281.8519483333333,26.846659492894258,2.5742785460964384
626,2.0,160.0,380.7348,871.1448,106.84616,64.806885,144.71929333333333,301.1827475,109.10390666666667,279.5804525,26.796454382731874,2.5090459793360345
627,2.0,161.0,367.18134,864.0093,74.95203,65.9361,134.885785,298.99244999999996,109.90177499999999,277.01375,26.77315490766253,2.4351221669293817
628,2.0,162.0,375.19598,857.01544,89.697784,73.82959,140.0149573333333,297.976745,110.11569600000001,273.36688166666664,26.76646091023369,2.3299200502055886
629,2.0,163.0,373.37628,847.515,93.90427,71.104614,140.10947166666665,294.355769,108.80804833333333,270.654231,26.803601630135304,2.2514003698394345
630,2.0,164.0,371.92383,835.1533,93.112335,90.2569,139.4933325,293.42724999999996,108.45588749999999,263.3416166666666,26.812609440807304,2.0403100961160274
631,2.0,165.0,372.69763,825.4977,84.46298,99.28912,138.30970666666667,291.7140866666666,110.15538,258.6177133333333,26.76309291559813,1.9042960129847228
632,2.0,166.0,369.09445,817.0757,78.963806,79.69171,136.19211766666666,285.6405183333333,109.87084899999999,259.07661499999995,26.771332910049313,1.9174874933135877
633,2.0,167.0,368.99786,813.1644,94.07675,75.7511,138.678745,283.6799833333333,107.31982833333332,258.4296166666667,26.83535112273334,1.8927399418937578
634,2.0,168.0,371.3322,812.3795,99.41391,71.83887,140.346385,282.76631166666664,107.208415,258.82002166666666,26.838617868269363,1.9076885639531889
635,2.0,169.0,371.12738,813.17004,104.35617,75.58612,141.10182166666667,283.65436666666665,106.31643166666666,258.4589933333333,26.86725905064686,1.8990643291577463
636,2.0,170.0,372.3508,809.7943,117.85339,76.55328,143.759165,282.69031333333334,104.47470166666666,257.1725533333333,26.91984384833696,1.86174153826724
637,2.0,171.0,379.7813,811.5619,132.22495,91.71478,148.63125833333334,285.80643,104.55627499999999,255.23483666666667,26.91723510386333,1.8059565373862723
638,2.0,172.0,381.53973,806.91943,125.27261,89.803345,148.05867833333332,283.9403675,106.30114166666667,254.00591916666667,26.867071977314378,1.7708324766238541
639,2.0,173.0,380.73883,806.5912,125.78174,90.52222,147.87656666666666,283.95077,105.94932,253.77669666666662,26.877119661565022,1.7641786296967508
640,2.0,174.0,363.40332,791.39465,80.016266,62.20349,134.47048433333333,274.165465,107.79839566666666,253.43096833333328,26.82409364975361,1.7545020310306252
641,2.0,175.0,387.0873,804.5925,127.54791,96.98932,150.287085,284.3623866666666,107.77111500000001,252.03261333333333,26.82467876835356,1.7142299637125367
642,2.0,176.0,386.8504,804.85675,122.75546,101.28406,149.40937666666665,285.16625999999997,108.49089,251.40490666666668,26.803967967698323,1.6962623507346137
643,2.0,177.0,381.56497,802.39233,121.1499,96.51727,147.37997333333334,283.55032166666666,106.99667333333333,251.37789833333332,26.846775427176002,1.6952596478767976
644,2.0,178.0,380.1016,802.1931,121.25647,93.962036,146.909945,283.0580393333333,106.49112166666666,251.73736066666666,26.85210357847489,1.7049644894979008
645,2.0,179.0,369.77692,784.9352,101.92639,71.910095,140.246705,273.63008249999996,106.27124166666667,249.66005083333334,26.858091901442148,1.6451305732442658
646,2.0,181.0,367.90155,778.69336,109.37833,65.0755,140.86357166666664,270.41036999999994,104.40412833333332,248.71853666666667,26.920673274299702,1.6144492079935602
647,2.0,182.0,369.1604,769.1781,107.81851,62.01892,141.02321833333332,266.72918666666664,105.08371499999998,246.05621333333332,26.900829366882597,1.537907910627058
648,2.0,184.0,381.55783,783.6897,101.8233,90.903625,144.15649333333334,276.38050416666664,110.21539333333334,246.07929583333333,26.762207205365325,1.5456823385010117
649,2.0,185.0,381.86084,781.671,102.78818,92.010864,144.41831,275.89214400000003,110.15558333333333,245.221856,26.763813070172574,1.5208840440064144
650,2.0,186.0,380.77972,781.51575,105.67691,97.04535,144.53939166666666,276.679475,109.31375499999999,244.33102499999998,26.78466953433283,1.4934291792114684
651,2.0,187.0,381.75372,781.72614,108.87079,95.23169,145.39637166666665,276.4473283333333,109.10610833333331,244.70343166666663,26.81871574502162,1.5055482642802673
652,2.0,188.0,380.41223,780.4748,111.970184,91.57361,145.465774,275.420535,108.14237933333334,244.89599833333332,26.846427044934202,1.5109415950043132
653,2.0,189.0,378.79193,778.90045,111.48654,75.56067,144.84506666666664,272.2269283333333,107.68288666666666,247.0400383333333,26.850603629366365,1.568192800181565
654,2.0,190.0,381.06384,785.438,119.17029,91.41998,146.882995,277.04932999999994,107.159565,246.57600333333335,26.865569865957593,1.554721263017042
655,2.0,191.0,381.1755,789.7231,119.864136,97.55603,147.035856,279.50037166666664,107.081144,246.981695,26.863145779999314,1.567997995159351
656,2.0,192.0,381.17398,793.2119,125.89545,100.27643,148.0405683333333,281.11670499999997,106.07541833333332,247.69122833333336,26.891964082568308,1.5882680365899353
657,2.0,193.0,380.2023,794.43494,106.20648,99.56085,144.43517999999997,281.4051216666667,109.03302,248.21817166666665,26.81663872344188,1.6044242002235187
658,2.0,194.0,378.90643,794.9033,110.47974,94.63129,144.71543333333332,280.7396483333333,107.88885333333333,249.19588499999998,26.84480770029955,1.6341182861329167
659,2.0,195.0,379.79407,795.51074,115.74655,94.44525,145.88911499999998,280.91112166666665,107.30693166666666,249.42937166666667,26.861490985971034,1.640760415939583
660,2.0,196.0,381.1994,797.9641,118.4617,97.704895,146.81008333333332,282.2721825,107.32285000000002,249.70388416666665,26.870195051757477,1.620873836454137
661,2.0,197.0,381.73193,802.2632,121.759,110.85077,147.53714333333332,285.896195,106.95080999999999,248.94593833333332,26.885510344395488,1.5972121294591388
662,2.0,198.0,381.9631,804.702,122.20288,111.09265,147.68818,286.74944166666666,106.95388666666668,249.7185583333333,26.885531051903474,1.6195278883256237
663,2.0,199.0,378.43808,811.5247,117.25159,98.31299,145.6879583333333,286.89373166666667,106.604095,254.12273500000003,26.896208160447678,1.7466661932620464
664,2.0,200.0,379.2732,815.3064,128.03674,97.85541,147.76385666666664,288.078035,105.08494333333331,255.45956500000003,26.96745353960282,1.7866450489932906
665,2.0,210.0,368.7298,882.5477,127.850555,115.63513,144.21835916666666,313.45508833333326,101.6015075,274.91004499999997,27.054897503709107,2.345193370979221
666,2.0,211.0,367.8747,883.24274,123.80594,116.703,143.25922333333332,313.86474666666663,101.99057666666667,274.9637466666667,27.043757442549644,2.3468007895672125
667,2.0,213.0,363.69455,886.51086,128.85425,93.559204,142.707225,311.09682066666664,99.75580833333333,279.9104193333333,27.108026562117583,2.4889708293282364
668,2.0,214.0,327.06696,888.9912,64.35507,49.382996,119.74816499999999,304.56089933333334,98.296475,288.09990066666666,27.150257229901126,2.7246641281139823
669,2.0,215.0,361.8048,885.9672,137.10312,68.85828,143.45211999999998,306.79877999999997,97.75108,283.84602,27.165648212505737,2.6020373699089925
670,2.0,216.0,359.45227,892.9781,130.49377,69.56543,141.566385,309.253605,98.06846166666665,286.0651283333333,27.146557112837407,2.6580690492847316
671,2.0,217.0,357.75104,895.16016,129.06189,66.30963,140.76066166666664,309.43832499999996,97.74003166666667,287.335115,27.15506968238263,2.696977805922437
672,2.0,218.0,355.6164,897.6806,134.05148,70.54761,140.88071333333332,310.98480166666667,96.19688666666667,287.46893166666666,27.19910449330238,2.700568895861316
673,2.0,219.0,352.92126,902.11194,153.78177,60.952515,143.270715,310.8627325,92.01012500000002,290.5452275,27.318680009472278,2.788278432866601
674,2.0,220.0,350.93732,906.91846,132.79462,73.43445,139.11154333333332,314.5452283333333,94.84666999999999,290.0670783333333,27.237735423609344,2.775008621144441
675,2.0,221.0,346.79834,912.99426,134.71591,87.31421,138.05209833333333,318.8837883333333,93.146795,289.77905166666665,27.261622043397633,2.7640814518129777
676,2.0,222.0,345.48755,924.57733,133.49484,81.470215,137.41165666666666,321.7708125,92.91337666666666,294.6140741666666,27.269926881271644,2.900279729947819
677,2.0,226.0,325.97784,941.0622,152.50491,79.8739,134.076765,326.99971666666664,83.241795,300.3750833333333,27.543050376304333,3.0613105224004484
678,2.0,231.0,293.45895,963.6359,134.52443,57.036255,120.24038833333334,330.71800916666666,75.39891166666666,311.70592416666665,27.768075643693273,3.384943663717417
679,2.0,232.0,341.7484,972.4916,47.53952,47.38275,121.83938666666667,332.0609916666666,105.99287999999999,316.26674166666663,26.896212253886908,3.523938465638967
680,2.0,236.0,270.4447,996.24646,139.47592,94.95221,113.39421999999999,347.90752166666664,66.90224666666667,316.256785,27.999300607321185,3.510648135823479
681,2.0,237.0,259.9974,1002.4044,125.294495,96.81641,107.54821583333333,350.27086833333334,65.78338416666668,317.9987316666667,28.031619285344,3.560403655238055
682,2.0,238.0,256.00787,1002.1654,130.16354,93.72528,107.02988,349.6760133333333,63.64203333333334,318.43425333333334,28.092822641216262,3.5724784628205426
683,2.0,245.0,258.32285,1024.0223,93.96509,52.486572,101.768465,350.08852866666666,70.44676833333332,332.5930046666667,27.888034926927677,3.9862680886922237
684,2.0,247.0,214.82959,1033.027,115.75191,61.02594,90.90184833333332,354.51332333333335,52.317878333333326,334.1713433333333,28.405120030023717,4.027976618790555
685,2.0,248.0,223.67953,1039.4258,132.09521,74.351746,96.57571166666665,358.8672243333333,52.543974999999996,334.083309,28.398663741319183,4.02549447783844
686,2.0,249.0,213.59012,1047.0566,113.40802,83.505066,90.09804333333332,362.93637766666666,52.295370000000005,335.1013556666666,0.0,0.0
687,3.0,2.0,1893.429,1824.0298,32.699707,47.27417,636.5929511666667,615.8889616666667,625.6930488333333,600.130905,11.987702381607443,11.841588705461255
688,3.0,4.0,1892.5376,1826.1167,32.190308,44.300537,636.210918,616.0889895,625.4808153333333,601.3221438333333,11.994034061726543,11.876006469264158
689,3.0,5.0,1892.0007,1827.8748,32.1698,43.63147,636.0285333333334,616.5635116666666,625.3052666666666,602.0196883333333,12.000539544749149,11.897366916183802
690,3.0,8.0,1891.9762,1826.9868,32.65869,45.84082,636.1018483333334,616.6357366666666,625.2156183333333,601.3554633333333,12.00188886926871,11.879319708201834
691,3.0,9.0,1892.2979,1826.5898,31.842407,45.040283,636.0730345,616.3699804999999,625.4588988333333,601.3565528333334,11.994838884488642,11.87940438866933
692,3.0,10.0,1892.3098,1826.5256,31.405151,44.166138,636.0041251666667,616.2028896666666,625.5357415,601.4808436666666,11.99375798136336,11.8818060858302
693,3.0,19.0,1893.7874,1820.8684,33.25305,47.376343,636.8046416666666,614.8521905,625.7202916666666,599.0600761666667,11.986911351188361,11.812831916609724
694,3.0,20.0,1893.7832,1821.4585,33.20984,47.17456,636.79604,615.0152599999999,625.7260933333333,599.2904066666666,11.986778570875375,11.819516031239795
695,3.0,31.0,1892.1477,1826.8328,32.661987,46.56555,636.1595645,616.7051916666666,625.2722355,601.1833416666666,12.015955597436395,11.873125939055278
696,3.0,32.0,1892.478,1826.1959,32.513306,45.875244,636.2448843333333,616.3778406666665,625.4071156666666,601.0860926666667,12.013162764588996,11.869133352450977
697,3.0,33.0,1892.3785,1828.6333,32.668213,46.226807,636.2375354999999,617.2489011666667,625.3481311666667,601.8399655,11.998006157148744,11.891075460796865
698,3.0,34.0,1893.1577,1826.176,34.28064,49.77722,636.7660066666666,617.0215366666666,625.3391266666666,600.42913,11.998104776804501,11.850252390790052
699,3.0,35.0,1891.5994,1827.8096,32.4646,45.170288,635.9439,616.798248,625.1223666666667,601.7414853333333,12.005687090439755,11.886836217374258
700,3.0,36.0,1893.4211,1825.9155,32.64624,50.143433,636.5814066666667,616.9957388333333,625.6993266666666,600.2812611666666,11.989930760971477,11.845912510500106
701,3.0,37.0,1893.7811,1826.1399,32.59497,51.33252,636.6928616666667,617.2687199999999,625.8278716666666,600.15788,11.986177271127238,11.842370257838015
702,3.0,39.0,1894.324,1827.3477,33.154175,52.53003,636.9670291666666,617.870905,625.9156375,600.360895,11.983680517989487,11.848263831186072
703,3.0,40.0,1894.6311,1826.5981,32.32837,50.98938,636.9317616666667,617.3642633333333,626.1556383333333,600.3678033333333,11.961206713653207,11.849794743457815
704,3.0,41.0,1894.0446,1828.3245,32.229492,52.05359,636.7197819999999,618.1170983333333,625.9766179999999,600.7659016666667,11.965376315434447,11.862481896053438
705,3.0,73.0,1883.8972,1826.386,31.791138,49.93396,633.2642563333334,617.1176599999999,622.6672103333333,600.4730066666666,12.01730484196905,11.851267693139986
706,3.0,74.0,1884.3684,1827.6245,31.54065,49.891846,633.3795749999999,617.5234743333333,622.866025,600.8928589999999,12.011621352607174,11.863460050557098
707,3.0,75.0,1884.3347,1826.6565,31.991821,48.73242,633.4435368333334,617.00757,622.7795965,600.76343,12.01410016844728,11.859696030666454
708,3.0,76.0,1884.0278,1826.7834,31.196777,47.483276,633.2087295,616.8416793333333,622.8098038333333,601.0139206666666,12.013265113586028,11.866950994642805
709,3.0,77.0,1884.4548,1827.366,31.614624,48.908936,633.4207039999999,617.2734893333333,622.882496,600.9705106666667,12.011157038407806,11.865710618383911
710,3.0,78.0,1884.6069,1827.6731,31.207031,48.288574,633.4034718333332,617.2724623333334,623.0011281666666,601.1762709999999,12.00775889599115,11.871690405436025
711,3.0,79.0,1884.3916,1827.6406,31.928833,47.463135,633.4520054999999,617.1240558333333,622.8090611666667,601.3030108333332,12.013330678599976,11.875316163701228
712,3.0,80.0,1884.5542,1827.0557,30.82434,47.734863,633.3221233333334,616.9743771666666,623.0473433333333,601.0627561666665,12.006405543407528,11.868415676665439
713,3.0,81.0,1884.6262,1826.6832,31.470337,47.486572,633.4537895,616.8088286666666,622.9636771666666,600.9799713333333,12.008811617644945,11.866001992822586
714,3.0,82.0,1884.986,1827.3256,31.951904,49.851562,633.653984,617.4171269999999,623.0033493333333,600.7999396666667,12.007637268087867,11.860801043826184
715,3.0,83.0,1884.2053,1826.3417,31.782349,48.118652,633.3654915,616.800342,622.7713751666666,600.7607913333333,12.014337436157145,11.85961789251505
716,3.0,84.0,1884.2312,1826.2731,32.364258,48.45923,633.4711096666666,616.8342383333334,622.6830236666666,600.6811616666666,12.016879440160947,11.857294492629865
717,3.0,85.0,1884.9976,1827.0469,31.899902,49.49414,633.6491836666667,617.2646566666666,623.0158829999999,600.76661,12.007269846716643,11.859839304433871
718,3.0,86.0,1885.2898,1825.8226,31.20227,49.268555,633.6303116666666,616.8189591666667,623.229555,600.3961075,12.00103624177777,11.849164406035667
719,3.0,87.0,1884.7043,1826.4362,31.691528,49.768066,633.5166879999999,617.1067443333334,622.9528453333334,600.517389,12.009054183670223,11.852613929488875
720,3.0,88.0,1884.356,1825.9375,31.724487,49.39563,633.4060811666666,616.8784383333333,622.8312521666667,600.4132283333333,11.996729246538198,11.834094604499867
721,3.0,89.0,1884.0514,1825.928,32.170166,48.792114,633.3788276666667,616.7746856666666,622.655439,600.5106476666667,12.001826851138,11.836878605051789
722,3.0,90.0,1884.5872,1825.9109,31.70874,47.68396,633.4805233333333,616.5842933333333,622.9109433333333,600.68964,11.995740806550279,11.857701300812643
723,3.0,91.0,1883.8721,1825.2738,32.051147,46.39966,633.2992245,616.1578766666667,622.6155088333333,600.6913233333332,12.004271448701294,11.857686008427082
724,3.0,92.0,1884.3846,1826.3523,31.891113,49.193848,633.4433855,616.9830746666667,622.8130145,600.5851253333333,12.012705687322516,11.852225986626758
725,3.0,93.0,1884.6521,1826.4115,32.752808,50.208252,633.676168,617.1718753333332,622.7585653333333,600.4357913333333,11.99737066426772,11.847926457230535
726,3.0,142.0,1894.1199,1828.1914,34.60144,55.865845,637.1402066666666,618.7081074999999,625.6063933333332,600.0861591666667,11.97523606090252,11.835815623584407
727,3.0,143.0,1894.7522,1827.2235,34.230835,55.378418,637.2892058333332,618.3042363333333,625.8789274999999,599.8447636666667,11.967349267180422,11.828925472563864
728,3.0,144.0,1894.6833,1826.59,33.187866,51.510498,637.092411,617.4484163333333,626.0297889999999,600.2782503333333,11.963069422660913,11.841436028614838
729,3.0,146.0,1894.3533,1825.3486,31.889648,50.041626,636.7660413333333,616.7898043333333,626.1361586666667,600.1092623333333,11.95997987586309,11.836594478410197
730,3.0,148.0,1894.5289,1824.1848,31.932861,49.94641,636.8317768333333,616.3860016666666,626.1874898333333,599.7371983333333,11.957395509168812,11.827027947998012
731,3.0,149.0,1893.9631,1824.355,32.591675,49.817505,636.7529791666666,616.4212508333333,625.8890875,599.8154158333333,11.9660007030691,11.829218495936246
732,3.0,152.0,1892.99,1821.6567,32.147095,47.64148,636.3545158333333,615.1591466666666,625.6388175,599.2786533333333,11.973149402291346,11.81369169232976
733,3.0,153.0,1892.656,1822.7406,31.742065,47.720215,636.1756774999999,615.5335691666667,625.5949891666667,599.6268308333333,11.974451556206857,11.82371899942889
734,3.0,173.0,1894.7922,1822.6621,32.15442,48.33362,636.95647,615.6096366666666,626.23833,599.49843,11.986945925835442,11.819918445170469
735,3.0,178.0,1894.2719,1823.1084,32.932617,51.345337,636.9127361666666,616.2603561666667,625.9351971666666,599.1452438333333,12.01141223946478,11.8250988437623
736,3.0,179.0,1894.8527,1823.7571,33.321533,51.943726,637.1711554999999,616.576321,626.0639778333333,599.2617456666667,12.007724706088334,11.82849399846695
737,3.0,180.0,1894.3363,1821.1692,32.90039,50.41919,636.9288316666666,615.4595983333334,625.962035,598.6532016666666,12.01054583535247,11.810903929840686
738,3.0,181.0,1894.3232,1822.5582,33.12085,50.26538,636.9612083333333,615.8969633333332,625.920925,599.1418366666667,11.996096653759423,11.823887059458194
739,3.0,182.0,1894.0872,1822.2859,33.359253,49.223877,636.9222755,615.6326128333333,625.8025244999999,599.2246538333334,11.999523041530304,11.826244685511039
740,3.0,199.0,1899.0093,1826.0432,33.58264,56.411133,638.6002066666666,618.0829221666667,627.4059933333333,599.2792111666666,11.966444930679893,11.814760147973578
741,3.0,200.0,1898.6201,1828.948,33.556274,49.42639,638.466079,617.887065,627.2806543333334,601.4116016666667,11.969167928392151,11.875102504415198
742,3.0,201.0,1899.2048,1830.5688,33.92871,51.46985,638.7230516666666,618.7679083333333,627.4134816666666,601.6112916666666,11.965372119653553,11.880886440969425
743,3.0,202.0,1900.3282,1831.1704,34.428955,53.170532,639.1808924999999,619.2518886666667,627.7045741666666,601.528378,11.956974705589737,11.878558456043207
744,3.0,203.0,1899.6047,1829.634,33.903442,51.52185,638.8521403333333,618.464975,627.5509930000001,601.291025,11.976757852296997,11.87038770785736
745,3.0,204.0,1899.318,1829.9954,33.933838,52.610962,638.7616396666666,618.7669603333334,627.4503603333333,601.229973,11.97964119029564,11.868609164726088
746,3.0,205.0,1899.2532,1831.3451,34.046265,54.20508,638.7587775,619.4825466666666,627.4100225,601.4141866666666,11.97974842171028,11.875101859778017
747,3.0,206.0,1899.5145,1830.4536,33.736816,54.008423,638.7943026666667,619.1526038333334,627.5486973333333,601.1497961666666,11.97571878494896,11.867510657289968
748,3.0,207.0,1899.6154,1830.4807,33.923584,53.963745,638.859064,619.1541908333334,627.5512026666665,601.1662758333333,12.006941001172809,11.853324223264693
749,3.0,208.0,1899.6338,1832.1396,33.664673,55.98889,638.8220455000001,620.0446816666666,627.6004878333333,601.3817183333333,12.005562066039305,11.859546689962558
750,3.0,209.0,1899.609,1831.9432,33.10913,55.450195,638.7211883333332,619.8894324999999,627.6848116666666,601.4060341666666,12.018863850997311,11.861425086814576
751,3.0,210.0,1900.0254,1830.7489,33.224854,54.61743,638.8792756666667,619.3525383333333,627.8043243333333,601.1467283333334,11.983864260439683,11.837497614057208
752,3.0,211.0,1899.735,1831.1274,32.37085,53.4906,638.6401416666665,619.2909,627.8498583333333,601.4607,11.982601738070857,11.846545196468202
753,3.0,212.0,1899.853,1830.428,31.131592,49.63147,638.472932,618.4145783333333,628.0957346666667,601.870755,11.975590005498074,11.85840154899575
754,3.0,213.0,1899.2339,1831.5015,31.451294,48.016846,638.319849,618.5033076666666,627.8360843333332,602.4976923333334,11.983154789715165,11.876392253238585
755,3.0,214.0,1898.8412,1831.1085,31.435547,46.631836,638.1863245,618.1414726666667,627.7078088333333,602.5975273333333,11.986860273580183,11.879238440165292
756,3.0,216.0,1899.398,1831.7961,32.01013,47.782837,638.4676883333333,618.5625061666667,627.7976449999999,602.6348938333333,11.999777497961329,11.864668544381738
757,3.0,217.0,1899.461,1831.1047,32.625732,47.34778,638.5912886666666,618.25953,627.7160446666667,602.4769366666667,12.01747146171893,11.85880400634434
758,3.0,218.0,1899.9663,1830.1226,32.410767,48.695435,638.7238944999999,618.1567725,627.9203055,601.9249608333332,12.011498969019383,11.84301039287771
759,3.0,226.0,1898.2148,1831.9631,34.648315,52.43445,638.5129858333332,619.3934416666666,626.9635475,601.9152916666666,12.023824805590957,11.846062237471005
760,3.0,227.0,1898.2156,1832.4935,34.082153,51.491455,638.4188921666666,619.4130758333333,627.0581745,602.2492575,12.021152542009732,11.855713601847338
761,3.0,228.0,1898.6489,1830.4731,34.068237,55.349487,638.5610061666666,619.3826144999999,627.2049271666666,600.9327854999999,12.016730806026398,11.817799822367935
762,3.0,229.0,1898.3302,1831.9827,34.111816,53.51587,638.462036,619.5802116666666,627.0914306666666,601.7415883333333,12.02011885685083,11.841087085412662
763,3.0,230.0,1898.4283,1832.4661,34.29785,54.46692,638.5257416666666,619.8998533333333,627.093125,601.7442133333334,12.020070501475491,11.841163186083374
764,3.0,231.0,1898.7332,1832.1567,33.758057,52.438477,638.5374095,619.4586461666667,627.2847238333333,601.9791538333333,12.01459300058011,11.847984388594071
765,3.0,233.0,1898.401,1833.1426,35.690186,54.06775,638.7486976666667,620.058825,626.851969,602.0362416666666,12.042377692666392,11.848232525358204
766,3.0,234.0,1899.1406,1834.1367,35.042725,54.23181,638.8873208333332,620.417535,627.2064124999999,602.3402649999999,12.016565625407535,11.855927229734135
767,3.0,235.0,1898.0186,1833.4988,35.255127,54.25818,638.5487211666666,620.2092966666667,626.7970121666667,602.1232366666667,12.02828947555075,11.849585883959827
768,3.0,236.0,1898.7571,1834.604,35.31189,55.924805,638.8043483333333,620.8554675,627.0337183333334,602.2138658333333,12.022763027687065,11.853391291200147
769,3.0,237.0,1899.0034,1832.8687,34.92334,53.838867,638.82169,619.9293778333333,627.1805766666666,601.9830888333333,12.01849024997754,11.846783969651247
770,3.0,238.0,1899.281,1833.4626,34.444702,53.692383,638.8344503333333,620.1029305,627.352883,602.2054694999999,12.013588657183922,11.853229130121775
771,3.0,240.0,1899.1733,1833.3387,34.312866,53.662354,638.7765776666666,620.0566256666666,627.3389556666666,602.1691743333333,12.02926625004243,11.850893569228246
772,3.0,241.0,1899.0869,1833.1738,34.738037,58.985962,638.8186395,620.888927,627.2392938333332,601.2269396666666,12.031878476688147,11.823780840779333
773,3.0,242.0,1898.9944,1832.6138,34.926636,54.97705,638.8192393333334,620.0341083333333,627.1770273333333,601.708425,12.01808106789366,11.836616251679459
774,3.0,243.0,1899.7941,1833.7174,33.88916,54.280518,638.9128933333334,620.2858863333333,627.6165066666666,602.1923803333333,12.005592760042882,11.850619048556055
775,3.0,246.0,1898.7988,1833.5898,33.060425,53.10974,638.4430041666667,620.0482233333332,627.4228625,602.3449766666666,12.011177799906298,11.854951895014189
776,3.0,248.0,1898.8652,1833.8564,33.19995,52.48938,638.4883916666666,620.0336966666666,627.4217416666665,602.5372366666666,12.011253242246891,11.860471163805068
777,3.0,249.0,1898.476,1834.1361,34.234863,53.70923,638.5311438333333,620.3302383333332,627.1195228333333,602.4271616666666,0.0,0.0
778,4.0,38.0,1595.4312,2055.0256,56.169067,98.3042,541.1719111666666,701.3925666666665,522.4488888333333,668.6244999999999,14.994431248168697,13.798907493408175
779,4.0,39.0,1594.9497,2055.6738,55.081787,96.61438,540.8301978333333,701.3269966666667,522.4696021666666,669.1222033333333,14.993936469145012,13.813291595190137
780,4.0,40.0,1594.6299,2053.1016,54.130005,89.62964,540.5649675,699.3054733333333,522.5216324999999,669.4289266666666,14.979024420754332,13.826676534365061
781,4.0,41.0,1594.7769,2052.9585,52.75598,89.304565,540.3849633333333,699.2035941666668,522.7996366666666,669.4354058333333,14.968225854250752,13.831368633095284
782,4.0,42.0,1595.0677,2053.3433,54.747803,91.97925,540.8138671666667,699.7776416666667,522.5645995,669.1178916666667,14.952000924293595,13.81791647797433
783,4.0,43.0,1595.8557,2053.5479,54.597656,93.50171,541.0515093333333,700.0995849999999,522.8522906666667,668.9323483333333,14.929069490469727,13.835544940740514
784,4.0,44.0,1595.2959,2053.6458,55.346558,92.13196,540.9897263333334,699.9039266666665,522.5408736666666,669.1932733333332,14.940873698718143,13.83860186488007
785,4.0,49.0,1595.1449,2052.7378,59.333496,91.26892,541.6038826666667,699.45742,521.8260506666666,669.0344466666666,14.976338157739443,13.847414526028599
786,4.0,50.0,1594.3433,2055.121,60.317505,92.517944,541.5006841666666,700.4599906666667,521.3948491666666,669.620676,14.988890550007248,13.864297191793991
787,4.0,51.0,1594.5352,2055.3604,60.670532,93.25366,541.6234886666666,700.66241,521.3999779999999,669.5778566666667,14.988736456073697,13.863057977268705
788,4.0,52.0,1593.342,2054.4995,61.484985,96.28076,541.3614975,700.8799599999999,520.8665025,668.7863733333332,14.981028416964632,13.835789590368814
789,4.0,55.0,1592.4109,2055.7222,62.473022,97.63757,541.2158036666667,701.5136616666666,520.3914629999999,668.967805,14.994765177491425,13.840926612214549
790,4.0,56.0,1592.8132,2054.8755,61.10559,96.30286,541.1219983333333,701.0089766666666,520.7534683333333,668.9080233333334,14.984303755072153,13.839281167629752
791,4.0,57.0,1592.0471,2055.4873,60.12451,94.851074,540.7031183333334,700.9709456666666,520.661615,669.3539209999999,14.98699498655441,13.852153224642947
792,4.0,72.0,1588.3342,2060.918,63.700928,103.09888,540.0615546666667,704.1558133333333,518.827912,669.78952,15.049490501592675,13.83656482029766
793,4.0,73.0,1588.6863,2058.1108,61.45935,92.62463,539.805325,701.4743716666667,519.3188749999999,670.5994949999999,15.012360392068503,13.855873347943323
794,4.0,74.0,1589.042,2061.0183,64.0459,103.256836,540.3549833333333,704.2155726666666,519.0063499999999,669.7966273333334,15.021272523990676,13.832605309256097
795,4.0,75.0,1589.0728,2059.9192,63.582275,100.7135,540.2879791666667,703.4253166666665,519.0938874999999,669.8541499999999,15.018754019502186,13.834287320355408
796,4.0,77.0,1589.161,2060.904,62.79712,103.0426,540.18652,704.1417666666666,519.2541466666667,669.7942333333333,15.014121314517501,13.832592937177836
797,4.0,78.0,1589.1215,2059.7866,63.183105,102.826904,540.2376841666667,703.7333506666665,519.1766491666666,669.4577159999999,15.016313023535016,13.82285247127722
798,4.0,79.0,1588.8481,2062.1472,63.5343,107.16748,540.2050833333333,705.2436466666666,519.0269833333333,669.5211533333332,15.02064049944158,13.82465101811436
799,4.0,80.0,1588.7783,2060.918,62.76526,104.71069,540.0536433333333,704.4244483333333,519.1318899999999,669.520885,15.017613074229528,13.824667304960089
800,4.0,81.0,1589.179,2061.5774,63.526245,105.79822,540.3140408333334,704.8255033333332,519.1386258333333,669.55943,15.017423812548763,13.825782496704429
801,4.0,82.0,1589.0295,2060.684,61.526733,92.62158,539.9309555,702.3315966666667,519.4220445,671.4577366666667,15.009497204079633,13.880693028018099
802,4.0,83.0,1589.5272,2061.3298,61.937256,96.17395,540.165276,703.138925,519.5195239999999,671.0809416666666,15.006634085824905,13.869829198029754
803,4.0,84.0,1589.2422,2061.9512,62.86267,106.022705,540.2245116666666,704.9875175,519.2702883333333,669.6466158333333,15.013635884602152,13.828331655265494
804,4.0,85.0,1589.2749,2061.9043,62.31958,105.19141,540.1448966666666,704.833335,519.3717033333332,669.7695316666667,15.01072558540769,13.831906198196412
805,4.0,86.0,1589.0776,2059.7705,62.403442,92.40112,540.0931069999999,701.9903533333334,519.2919596666667,671.18998,15.013215571037643,13.872927276858594
806,4.0,87.0,1589.1344,2060.263,63.2959,93.532104,540.2607833333333,702.3430173333333,519.1621499999999,671.1656493333332,15.016958343584816,13.872194540633373
807,4.0,88.0,1589.2574,2062.028,64.43848,107.15137,540.4922133333332,705.2012283333331,519.01272,669.4841049999999,15.00632579670231,13.81016277621474
808,4.0,89.0,1589.1053,2062.6494,64.06128,107.23169,540.3786466666666,705.4217483333332,519.0248866666666,669.6778516666666,15.00600015326652,13.815757450054665
809,4.0,90.0,1588.8098,2061.8982,63.75586,107.22839,540.2292433333333,705.1707983333333,518.9772899999999,669.4280016666667,15.003882240439077,13.822103343362716
810,4.0,91.0,1588.5369,2060.081,62.39319,93.04065,539.911165,702.2004416666666,519.113435,671.1868916666667,15.000191697374104,13.872952548654942
811,4.0,92.0,1588.4396,2060.115,62.47339,92.43518,539.8920983333333,702.1108633333333,519.0676349999999,671.2991366666665,15.010064151039087,13.86718284484402
812,4.0,93.0,1588.6941,2059.7808,62.90735,103.62964,540.0492583333332,703.8652066666666,519.0801416666666,669.3219933333332,14.992035865704619,13.811917066225599
813,4.0,94.0,1588.4827,2061.406,63.14978,105.32361,540.0191966666666,704.6892683333333,518.9692699999999,669.5813983333333,15.009885673928336,13.814614463755518
814,4.0,96.0,1588.5839,2060.0479,62.874023,103.492676,540.0069705,703.9314126666666,519.0489628333333,669.433854,15.007579683784952,13.81038867633034
815,4.0,97.0,1588.8037,2060.0137,62.518066,103.11145,540.020911,703.856475,519.1815556666666,669.4859916666667,15.00376811335782,13.811918511106366
816,4.0,99.0,1589.0911,2061.9111,65.39722,106.89844,540.5965699999999,705.1201066666665,518.7974966666667,669.4872933333332,15.014821287712625,13.81186858553583
817,4.0,109.0,1588.5311,2060.8936,63.324463,104.812744,540.0644438333333,704.4333239999999,518.9562894999999,669.4957426666666,15.000363329676192,13.813719088760168
818,4.0,110.0,1588.4458,2061.2134,63.059326,105.05493,539.991821,704.5802883333333,518.9720456666666,669.5619783333334,14.999918169344609,13.815629372422896
819,4.0,111.0,1588.5099,2062.2537,63.29956,106.78076,540.0532266666667,705.2146933333333,518.9533733333333,669.6211066666667,15.00046389518936,13.817327517457674
820,4.0,112.0,1588.657,2061.7952,63.450073,105.48633,540.1273454999999,704.8461216666666,518.9773211666666,669.6840116666666,14.997092180362364,13.82353957342967
821,4.0,113.0,1588.5742,2061.7402,63.686646,106.004395,540.1391743333334,704.9141325,518.9102923333332,669.5793341666667,15.01355854481337,13.815763103905306
822,4.0,142.0,1593.3604,2062.1812,62.420288,104.5,541.5235146666666,704.8104,520.716752,669.9770666666666,15.003749147583502,13.822914519198191
823,4.0,143.0,1593.6837,2062.6414,62.581787,105.68762,541.6581978333334,705.1617366666666,520.7976021666666,669.9325299999999,15.00141855367135,13.821652864456517
824,4.0,144.0,1594.4727,2063.5342,61.4718,108.02637,541.7361999999999,705.8491283333333,521.2456,669.8403383333333,14.988524845819942,13.819104940144397
825,4.0,145.0,1594.3982,2064.7944,63.15088,111.44629,541.9912133333333,706.8391816666667,520.94092,669.6904183333334,14.997265747187534,13.814726925124925
826,4.0,146.0,1594.126,2064.7139,63.366577,111.60791,541.9364294999999,706.839285,520.8142371666667,669.6366483333334,15.000901248530052,13.81315276501252
827,4.0,147.0,1593.5237,2064.6575,62.66272,110.53894,541.6183533333333,706.6423233333333,520.73078,669.7960099999999,15.003321937494404,13.817714000289229
828,4.0,148.0,1594.1719,2064.5017,63.435425,111.92688,541.9632041666666,706.8217133333333,520.8180625,669.5127533333332,14.99807261579803,13.813973711724408
829,4.0,149.0,1594.024,2064.6016,62.439697,109.9303,541.7479494999999,706.52225,520.9347171666666,669.8788166666666,14.994755274604541,13.82454080155872
830,4.0,150.0,1595.0571,2062.9307,62.54663,110.239746,542.1101383333332,706.0168576666666,521.2612616666667,669.2702756666665,14.985299754905759,13.807092525184714
831,4.0,151.0,1595.1887,2062.7417,61.517944,108.792725,541.9825573333333,705.7126875,521.4765759999999,669.4484458333334,14.979125152381298,13.812271819645671
832,4.0,152.0,1596.3765,2062.615,61.472168,109.59668,542.3708613333333,705.8044466666665,521.8801386666667,669.2722199999998,14.967499121547268,13.80728927659476
833,4.0,158.0,1595.6465,2065.2869,65.9176,108.743774,542.8684333333333,706.552929,520.8959,670.3050043333333,15.015137626121607,13.874609495715772
834,4.0,167.0,1593.9622,2064.2097,65.915405,106.70764,542.3066341666666,705.8545066666666,520.3348325,670.2852933333332,15.045685091333599,13.85084548984264
835,4.0,168.0,1593.9292,2064.1494,65.49756,107.42163,542.2259933333332,705.9534049999999,520.3934733333333,670.1461949999999,15.043921358404994,13.836223442748487
836,4.0,171.0,1593.9957,2063.491,66.12451,107.12073,542.3526516666666,705.6837883333333,520.3111483333332,669.9768783333333,15.048965215638168,13.826912641290473
837,4.0,172.0,1594.3004,2064.1313,65.55176,107.82117,542.35876,706.0139616666667,520.5081733333334,670.0735716666666,15.043315795905363,13.829741577855769
838,4.0,173.0,1593.8368,2063.9932,65.33716,106.13672,542.16846,705.6871866666667,520.3894066666667,670.30828,15.046773776318094,13.836472514898334
839,4.0,196.0,1596.6215,2063.7808,62.45288,104.33374,542.6159799999999,705.31589,521.7983533333334,670.5379766666666,14.997541676473482,13.843767366132987
840,4.0,197.0,1598.9509,2065.0757,60.934204,100.06055,543.139334,705.035325,522.8279326666666,671.6818083333333,14.991107447684117,13.88120093216847
841,4.0,198.0,1599.1235,2065.1196,59.155884,98.46411,542.9004806666666,704.7838849999999,523.1818526666666,671.9625149999999,14.980971437195324,13.889374356734526
842,4.0,202.0,1600.3157,2061.8296,57.98181,97.95447,543.1022016666667,703.6022783333333,523.7749316666666,670.9507883333333,14.958860224134394,13.855934960285683
843,4.0,220.0,1600.4569,2063.3843,59.136475,102.18591,543.3417124999999,704.8257516666667,523.6295541666666,670.7637816666667,15.015854966785989,13.789695035462316
844,4.0,221.0,1600.1624,2063.1946,59.165405,103.35742,543.2483675,704.95777,523.5265658333333,670.5052966666666,15.023472852795425,13.786497242343092
845,4.0,222.0,1599.3528,2064.729,59.62976,100.798096,543.0558933333332,705.0426826666667,523.1793066666667,671.4433173333332,15.020316828845548,13.817800484035203
846,4.0,223.0,1599.8613,2064.4048,59.97876,100.975586,543.28356,704.9641976666665,523.2906399999999,671.3056689999999,15.017096147394424,13.81387388765158
847,4.0,224.0,1601.4695,2064.3997,60.54895,103.17224,543.9146583333333,705.3286066666666,523.731675,670.93786,15.001673394856184,13.807790771916519
848,4.0,225.0,1600.6262,2063.9468,59.347046,101.48572,543.433241,704.8965533333333,523.6508923333333,671.06798,15.004012833639324,13.811516176566093
849,4.0,226.0,1601.7319,2063.9268,60.48816,102.382935,543.9919933333333,705.0394225,523.8292733333333,670.9117775,14.998866747393311,13.8070660852656
850,4.0,227.0,1601.2203,2064.9294,59.493896,100.855835,543.6557493333332,705.1191058333334,523.8244506666666,671.5004941666666,14.999094012567237,13.824019167408998
851,4.0,229.0,1600.698,2063.896,59.62683,101.583984,543.503805,704.8959973333333,523.628195,671.0346693333333,15.004659604336615,13.81055071349341
852,4.0,230.0,1601.0737,2064.5322,59.755005,101.00049,543.6504008333333,705.0108150000001,523.7320658333333,671.343985,15.001723411339556,13.819486819065986
853,4.0,231.0,1601.4866,2063.9604,59.82898,100.138916,543.8003633333333,704.6766193333333,523.85737,671.2969806666666,14.998117984661352,13.818167131927343
854,4.0,233.0,1601.9436,2071.7996,60.298096,105.01965,544.0308826666667,708.1031416666666,523.9315173333333,673.0965916666665,15.009651181686127,13.865432936977479
855,4.0,234.0,1602.1699,2071.7961,60.276855,104.8197,544.1027758333333,708.0686499999999,524.0104908333333,673.12875,14.992769947381868,13.863596133557637
856,4.0,236.0,1601.219,2065.8296,58.924805,99.01428,543.5604675,705.1122466666667,523.9188658333333,672.1074866666667,15.000020811484626,13.838566529691736
857,4.0,237.0,1601.7634,2071.6812,59.01416,104.43677,543.7568266666667,707.9665283333334,524.08544,673.1542716666667,14.99547635858243,13.868726313232207
858,4.0,238.0,1601.4532,2071.454,58.552734,103.49304,543.5765223333333,707.7335066666667,524.0589443333333,673.2358266666668,14.99625523201226,13.871065724889547
859,4.0,239.0,1601.6672,2071.9963,58.78015,103.83057,543.6857583333333,707.9705283333333,524.092375,673.3603383333332,14.995323854618132,13.874656703318392
860,4.0,240.0,1600.6755,2067.9224,59.200195,98.750244,543.4251991666666,705.7658406666666,523.6918008333333,672.8490926666666,15.020018943342299,13.855298769188447
861,4.0,241.0,1600.8193,2068.244,59.140503,98.56738,543.4631838333333,705.8425633333334,523.7496828333333,672.98677,15.018395105639318,13.859267496890222
862,4.0,242.0,1600.5194,2068.7207,58.240723,97.7937,543.2132538333333,705.8725166666666,523.7996794999999,673.2746166666666,14.994141498612835,13.863345771965845
